Date,Electric_Consumption
2024-08-01 00:00:00,7.4030592104963615
2024-08-01 01:00:00,8.0269904459882
2024-08-01 02:00:00,8.831005532442202
2024-08-01 03:00:00,8.680590076354836
2024-08-01 04:00:00,8.011616552389162
2024-08-01 05:00:00,6.190559538336565
2024-08-01 06:00:00,6.429891525626807
2024-08-01 07:00:00,5.563710672938813
2024-08-01 08:00:00,7.955203622227819
2024-08-01 09:00:00,9.540796119135269
2024-08-01 10:00:00,8.702714664525912
2024-08-01 11:00:00,9.01698818052374
2024-08-01 12:00:00,9.265420644180589
2024-08-01 13:00:00,11.425201418508614
2024-08-01 14:00:00,12.85796404141343
2024-08-01 15:00:00,10.698482875424864
2024-08-01 16:00:00,10.058724935985687
2024-08-01 17:00:00,8.947495871189686
2024-08-01 18:00:00,6.757773049313922
2024-08-01 19:00:00,5.369544534201736
2024-08-01 20:00:00,2.9639343595138268
2024-08-01 21:00:00,2.577717542082132
2024-08-01 22:00:00,1.9938341159371595
2024-08-01 23:00:00,2.477560368894124
2024-08-02 00:00:00,4.704418210463228
2024-08-02 01:00:00,2.862153231181612
2024-08-02 02:00:00,2.495213094876214
2024-08-02 03:00:00,2.0082289229830996
2024-08-02 04:00:00,2.4337735263292117
2024-08-02 05:00:00,1.8314026177837268
2024-08-02 06:00:00,1.0559312689714542
2024-08-02 07:00:00,1.6946628734112943
2024-08-02 08:00:00,5.419249961925867
2024-08-02 09:00:00,8.91900745123216
2024-08-02 10:00:00,8.420922457065256
2024-08-02 11:00:00,8.97024795253268
2024-08-02 12:00:00,9.389129963694147
2024-08-02 13:00:00,9.689925648253396
2024-08-02 14:00:00,9.04186312219392
2024-08-02 15:00:00,8.381706946567595
2024-08-02 16:00:00,7.593044299527195
2024-08-02 17:00:00,6.709771455495737
2024-08-02 18:00:00,5.6888695647885825
2024-08-02 19:00:00,5.953548291570508
2024-08-02 20:00:00,2.4601893748555623
2024-08-02 21:00:00,1.204680220581734
2024-08-02 22:00:00,0.2739530076195371
2024-08-02 23:00:00,0.9684894546961575
2024-08-03 00:00:00,2.685362383516461
2024-08-03 01:00:00,1.849289244387471
2024-08-03 02:00:00,1.059607330207898
2024-08-03 03:00:00,0.3556069899090115
2024-08-03 04:00:00,1.0964262521612147
2024-08-03 05:00:00,0.0
2024-08-03 06:00:00,0.0
2024-08-03 07:00:00,0.382325167961465
2024-08-03 08:00:00,3.997845385328152
2024-08-03 09:00:00,6.90922979921422
2024-08-03 10:00:00,8.592137856186003
2024-08-03 11:00:00,8.025441296625685
2024-08-03 12:00:00,8.329071821706476
2024-08-03 13:00:00,8.20132526845264
2024-08-03 14:00:00,7.007408610726444
2024-08-03 15:00:00,6.853508007701923
2024-08-03 16:00:00,5.874201508945061
2024-08-03 17:00:00,5.223485027453262
2024-08-03 18:00:00,6.169190477713704
2024-08-03 19:00:00,4.300578838936728
2024-08-03 20:00:00,1.6130504820397622
2024-08-03 21:00:00,0.7275822571782502
2024-08-03 22:00:00,0.5776671505851025
2024-08-03 23:00:00,0.8751835032544006
2024-08-04 00:00:00,1.706169305557214
2024-08-04 01:00:00,1.435063787544201
2024-08-04 02:00:00,1.164329988122632
2024-08-04 03:00:00,0.6985855429313368
2024-08-04 04:00:00,0.7300809640428474
2024-08-04 05:00:00,0.0
2024-08-04 06:00:00,0.0
2024-08-04 07:00:00,0.7861143610122032
2024-08-04 08:00:00,5.481823431422294
2024-08-04 09:00:00,6.774490540624611
2024-08-04 10:00:00,8.018816266188185
2024-08-04 11:00:00,8.110739420596305
2024-08-04 12:00:00,8.05006714651579
2024-08-04 13:00:00,8.713401831890721
2024-08-04 14:00:00,7.733934050121352
2024-08-04 15:00:00,7.772756076999192
2024-08-04 16:00:00,6.7360472711073935
2024-08-04 17:00:00,6.813616115125232
2024-08-04 18:00:00,6.294174681612732
2024-08-04 19:00:00,2.6425840801264573
2024-08-04 20:00:00,2.194633313554591
2024-08-04 21:00:00,1.868052295951901
2024-08-04 22:00:00,1.5905779202871575
2024-08-04 23:00:00,1.9375483437181729
2024-08-05 00:00:00,2.6596136942558215
2024-08-05 01:00:00,2.370760842105849
2024-08-05 02:00:00,2.4555082154943175
2024-08-05 03:00:00,3.143720165959481
2024-08-05 04:00:00,4.493249020220218
2024-08-05 05:00:00,4.502715832277722
2024-08-05 06:00:00,5.993799508257477
2024-08-05 07:00:00,6.277790051895087
2024-08-05 08:00:00,11.925164038941581
2024-08-05 09:00:00,10.932012155520134
2024-08-05 10:00:00,10.661371825746558
2024-08-05 11:00:00,9.802363050804269
2024-08-05 12:00:00,8.869322997934333
2024-08-05 13:00:00,10.05081256617703
2024-08-05 14:00:00,8.979652230173038
2024-08-05 15:00:00,9.384110026614259
2024-08-05 16:00:00,8.624496019484786
2024-08-05 17:00:00,9.466789770234818
2024-08-05 18:00:00,8.119244155321443
2024-08-05 19:00:00,6.131281504131753
2024-08-05 20:00:00,5.718506570547843
2024-08-05 21:00:00,5.1963499371953965
2024-08-05 22:00:00,3.496711369969268
2024-08-05 23:00:00,3.3860200325750447
2024-08-06 00:00:00,4.8246203013915325
2024-08-06 01:00:00,3.84304870732899
2024-08-06 02:00:00,3.24424936794515
2024-08-06 03:00:00,3.5886420226244917
2024-08-06 04:00:00,3.502197157520889
2024-08-06 05:00:00,1.8521234662097514
2024-08-06 06:00:00,1.27947637752523
2024-08-06 07:00:00,4.157551544849344
2024-08-06 08:00:00,10.271388511714179
2024-08-06 09:00:00,13.034199522588334
2024-08-06 10:00:00,12.061178921538872
2024-08-06 11:00:00,11.414825451150854
2024-08-06 12:00:00,11.231687880333183
2024-08-06 13:00:00,11.056513511091957
2024-08-06 14:00:00,12.233087050171502
2024-08-06 15:00:00,11.157212639687101
2024-08-06 16:00:00,10.408763069724307
2024-08-06 17:00:00,9.308741265783826
2024-08-06 18:00:00,8.491194662249821
2024-08-06 19:00:00,6.747018616611949
2024-08-06 20:00:00,3.7568157860648217
2024-08-06 21:00:00,3.059670047798018
2024-08-06 22:00:00,3.5657289140187562
2024-08-06 23:00:00,7.6291878449887545
2024-08-07 00:00:00,9.12620640365435
2024-08-07 01:00:00,3.8075092766690735
2024-08-07 02:00:00,3.5361958410960677
2024-08-07 03:00:00,3.9409811377223303
2024-08-07 04:00:00,3.2578948599057407
2024-08-07 05:00:00,1.9337793508128798
2024-08-07 06:00:00,1.7690844008315632
2024-08-07 07:00:00,1.6995777741492877
2024-08-07 08:00:00,6.092592356535876
2024-08-07 09:00:00,11.79732434642073
2024-08-07 10:00:00,12.212531782588584
2024-08-07 11:00:00,12.184648479782414
2024-08-07 12:00:00,11.18500315849556
2024-08-07 13:00:00,11.51156905226471
2024-08-07 14:00:00,12.31097643448149
2024-08-07 15:00:00,12.713229331718965
2024-08-07 16:00:00,11.24422668451469
2024-08-07 17:00:00,10.427650038609514
2024-08-07 18:00:00,7.802582445114428
2024-08-07 19:00:00,5.8538577539949985
2024-08-07 20:00:00,4.687308891109016
2024-08-07 21:00:00,1.5572967335222405
2024-08-07 22:00:00,0.791502620156967
2024-08-07 23:00:00,0.6493950056119582
2024-08-08 00:00:00,3.505586533137126
2024-08-08 01:00:00,2.3221046621577326
2024-08-08 02:00:00,1.6613345704142815
2024-08-08 03:00:00,1.2418753880699769
2024-08-08 04:00:00,0.8248035893186629
2024-08-08 05:00:00,0.5943969627564787
2024-08-08 06:00:00,0.016644579788100078
2024-08-08 07:00:00,0.8055594812606124
2024-08-08 08:00:00,5.490675487442293
2024-08-08 09:00:00,10.153304007487707
2024-08-08 10:00:00,10.044720954784703
2024-08-08 11:00:00,11.80234724703181
2024-08-08 12:00:00,11.235706035357197
2024-08-08 13:00:00,11.630081026346879
2024-08-08 14:00:00,12.811342698795476
2024-08-08 15:00:00,10.722002190194258
2024-08-08 16:00:00,10.757441841540471
2024-08-08 17:00:00,10.374695615923526
2024-08-08 18:00:00,8.082996658884971
2024-08-08 19:00:00,5.87038765275293
2024-08-08 20:00:00,1.9379463655029068
2024-08-08 21:00:00,0.9621756754616899
2024-08-08 22:00:00,0.7750578500277907
2024-08-08 23:00:00,1.1821358600790015
2024-08-09 00:00:00,3.427472701234181
2024-08-09 01:00:00,1.7900431935002434
2024-08-09 02:00:00,2.0544174273845606
2024-08-09 03:00:00,1.6084619328455294
2024-08-09 04:00:00,1.1751847927168808
2024-08-09 05:00:00,0.0
2024-08-09 06:00:00,0.0
2024-08-09 07:00:00,0.5193984402859053
2024-08-09 08:00:00,5.220927458678483
2024-08-09 09:00:00,10.455857547141836
2024-08-09 10:00:00,10.217289846703311
2024-08-09 11:00:00,10.422614063215441
2024-08-09 12:00:00,10.180587490393197
2024-08-09 13:00:00,10.999688893954819
2024-08-09 14:00:00,11.122788294116413
2024-08-09 15:00:00,9.717125727193043
2024-08-09 16:00:00,9.610633497355284
2024-08-09 17:00:00,8.69046976723116
2024-08-09 18:00:00,6.780172806908105
2024-08-09 19:00:00,3.712835727087204
2024-08-09 20:00:00,1.7735753894624289
2024-08-09 21:00:00,1.7235252635032876
2024-08-09 22:00:00,0.5921440152125435
2024-08-09 23:00:00,0.6681994598237684
2024-08-10 00:00:00,3.2927766955329187
2024-08-10 01:00:00,1.7233473343771621
2024-08-10 02:00:00,0.9325216364335063
2024-08-10 03:00:00,0.5218863064106714
2024-08-10 04:00:00,1.3975288445328973
2024-08-10 05:00:00,0.13093128151506228
2024-08-10 06:00:00,0.0
2024-08-10 07:00:00,1.298862185552823
2024-08-10 08:00:00,4.321383468338725
2024-08-10 09:00:00,7.191037451083637
2024-08-10 10:00:00,8.683440804544828
2024-08-10 11:00:00,7.344755878917942
2024-08-10 12:00:00,8.240242969358752
2024-08-10 13:00:00,9.830268031135306
2024-08-10 14:00:00,10.824900385014885
2024-08-10 15:00:00,8.50073661417889
2024-08-10 16:00:00,8.3761560807938
2024-08-10 17:00:00,8.426344376894537
2024-08-10 18:00:00,6.955785171696582
2024-08-10 19:00:00,4.968265640971017
2024-08-10 20:00:00,2.68930591092501
2024-08-10 21:00:00,2.107089806115395
2024-08-10 22:00:00,2.0059851656944296
2024-08-10 23:00:00,2.1754995663338645
2024-08-11 00:00:00,4.505004334342508
2024-08-11 01:00:00,2.9695547614127014
2024-08-11 02:00:00,3.377771724338783
2024-08-11 03:00:00,3.10586533433773
2024-08-11 04:00:00,3.8860827043353536
2024-08-11 05:00:00,2.6401743470376013
2024-08-11 06:00:00,2.6283102782480734
2024-08-11 07:00:00,2.5163440469198095
2024-08-11 08:00:00,6.000393753474187
2024-08-11 09:00:00,10.009653254393125
2024-08-11 10:00:00,9.549630739086744
2024-08-11 11:00:00,9.200669420930321
2024-08-11 12:00:00,8.793367183091403
2024-08-11 13:00:00,9.95149621130662
2024-08-11 14:00:00,10.764323836101811
2024-08-11 15:00:00,8.265421277627873
2024-08-11 16:00:00,8.047428322764437
2024-08-11 17:00:00,8.243970862615951
2024-08-11 18:00:00,7.376409459620792
2024-08-11 19:00:00,5.677770692240262
2024-08-11 20:00:00,3.7910525055077997
2024-08-11 21:00:00,4.274240947129562
2024-08-11 22:00:00,4.458269205089905
2024-08-11 23:00:00,3.373689915494539
2024-08-12 00:00:00,5.926266790839787
2024-08-12 01:00:00,4.538300479823311
2024-08-12 02:00:00,4.229306593168493
2024-08-12 03:00:00,4.859366261589738
2024-08-12 04:00:00,5.28120655668598
2024-08-12 05:00:00,4.658480664159169
2024-08-12 06:00:00,3.058021360902696
2024-08-12 07:00:00,5.57522479742088
2024-08-12 08:00:00,7.30273174871831
2024-08-12 09:00:00,13.479976639473144
2024-08-12 10:00:00,14.472109144719308
2024-08-12 11:00:00,11.653087793384179
2024-08-12 12:00:00,10.719626248518068
2024-08-12 13:00:00,11.031481008176431
2024-08-12 14:00:00,11.722042734233872
2024-08-12 15:00:00,11.398643363447553
2024-08-12 16:00:00,10.194454206648263
2024-08-12 17:00:00,8.562130072277064
2024-08-12 18:00:00,6.157365872743647
2024-08-12 19:00:00,5.324372964157668
2024-08-12 20:00:00,6.1367706000728575
2024-08-12 21:00:00,4.2421533449860185
2024-08-12 22:00:00,4.125069151192141
2024-08-12 23:00:00,3.8962876835925764
2024-08-13 00:00:00,7.43211867786225
2024-08-13 01:00:00,9.77054668818414
2024-08-13 02:00:00,8.457652495095466
2024-08-13 03:00:00,9.969530436563089
2024-08-13 04:00:00,11.596518511590903
2024-08-13 05:00:00,12.241387807396123
2024-08-13 06:00:00,10.477294837847255
2024-08-13 07:00:00,9.501055519094919
2024-08-13 08:00:00,8.2902861066301
2024-08-13 09:00:00,10.65812061668011
2024-08-13 10:00:00,12.54790750924434
2024-08-13 11:00:00,12.480137231410176
2024-08-13 12:00:00,10.992356628266085
2024-08-13 13:00:00,10.487238972788576
2024-08-13 14:00:00,10.64789124591363
2024-08-13 15:00:00,9.871112111071074
2024-08-13 16:00:00,10.07005275623445
2024-08-13 17:00:00,7.574503186890546
2024-08-13 18:00:00,6.232048504300863
2024-08-13 19:00:00,4.7582835669887675
2024-08-13 20:00:00,4.909418029707026
2024-08-13 21:00:00,5.563440998711461
2024-08-13 22:00:00,4.86775425432886
2024-08-13 23:00:00,4.93948977189841
2024-08-14 00:00:00,6.749786613094081
2024-08-14 01:00:00,5.894692756573808
2024-08-14 02:00:00,6.295851647047284
2024-08-14 03:00:00,5.748432526466766
2024-08-14 04:00:00,3.0879583772522214
2024-08-14 05:00:00,2.2084732354847434
2024-08-14 06:00:00,2.10987167475995
2024-08-14 07:00:00,2.899059073921986
2024-08-14 08:00:00,6.984793854519283
2024-08-14 09:00:00,10.149721477985455
2024-08-14 10:00:00,10.626704922107216
2024-08-14 11:00:00,11.4494096328254
2024-08-14 12:00:00,11.487861382341361
2024-08-14 13:00:00,10.151316739570985
2024-08-14 14:00:00,10.327043276862346
2024-08-14 15:00:00,10.483544058996156
2024-08-14 16:00:00,11.31934147689859
2024-08-14 17:00:00,12.153254531254424
2024-08-14 18:00:00,9.909967829997914
2024-08-14 19:00:00,7.5987929847958515
2024-08-14 20:00:00,6.830806788491278
2024-08-14 21:00:00,6.73361666126287
2024-08-14 22:00:00,5.571680718662801
2024-08-14 23:00:00,2.0000736059274384
2024-08-15 00:00:00,3.939942113796962
2024-08-15 01:00:00,4.529475663475924
2024-08-15 02:00:00,4.233314884861889
2024-08-15 03:00:00,5.206605087108361
2024-08-15 04:00:00,4.675860434525683
2024-08-15 05:00:00,3.2925970827828426
2024-08-15 06:00:00,2.7633845960670023
2024-08-15 07:00:00,4.843027598736862
2024-08-15 08:00:00,8.489295007420512
2024-08-15 09:00:00,9.97146704850024
2024-08-15 10:00:00,10.175441887657493
2024-08-15 11:00:00,10.655480618215107
2024-08-15 12:00:00,11.879862680451227
2024-08-15 13:00:00,11.430096154417303
2024-08-15 14:00:00,9.917020792859645
2024-08-15 15:00:00,9.642895197691129
2024-08-15 16:00:00,9.261912690919601
2024-08-15 17:00:00,10.710280176502557
2024-08-15 18:00:00,10.02966024414109
2024-08-15 19:00:00,7.318894537226214
2024-08-15 20:00:00,5.702977903614837
2024-08-15 21:00:00,6.5240302484331725
2024-08-15 22:00:00,7.402493314236089
2024-08-15 23:00:00,8.548768035459352
2024-08-16 00:00:00,4.635371206205865
2024-08-16 01:00:00,4.786482139286751
2024-08-16 02:00:00,3.6769469050952477
2024-08-16 03:00:00,2.6307523315627845
2024-08-16 04:00:00,2.7793761227448095
2024-08-16 05:00:00,4.300594519391897
2024-08-16 06:00:00,7.690042719543426
2024-08-16 07:00:00,8.538715790743243
2024-08-16 08:00:00,12.293046550833866
2024-08-16 09:00:00,12.246538904927782
2024-08-16 10:00:00,12.6500923910597
2024-08-16 11:00:00,12.313950419173768
2024-08-16 12:00:00,12.465671023022425
2024-08-16 13:00:00,13.565394975252172
2024-08-16 14:00:00,12.60809923685098
2024-08-16 15:00:00,11.835106459866747
2024-08-16 16:00:00,10.791935176246849
2024-08-16 17:00:00,10.99865670549516
2024-08-16 18:00:00,8.518038136036761
2024-08-16 19:00:00,6.643925267254486
2024-08-16 20:00:00,4.183482191437259
2024-08-16 21:00:00,1.7147645729498988
2024-08-16 22:00:00,1.1610579831264434
2024-08-16 23:00:00,1.2334130595380475
2024-08-17 00:00:00,3.229855227879622
2024-08-17 01:00:00,2.479170066438228
2024-08-17 02:00:00,1.4601535585823147
2024-08-17 03:00:00,1.6876101630538958
2024-08-17 04:00:00,2.380895701103348
2024-08-17 05:00:00,0.8799292314152423
2024-08-17 06:00:00,1.161991118752565
2024-08-17 07:00:00,2.0776413049774693
2024-08-17 08:00:00,7.57331963256329
2024-08-17 09:00:00,11.699959193064794
2024-08-17 10:00:00,10.653259536683144
2024-08-17 11:00:00,10.628164278165597
2024-08-17 12:00:00,9.947626968948143
2024-08-17 13:00:00,10.22305927041557
2024-08-17 14:00:00,10.603567617477982
2024-08-17 15:00:00,9.2313640210645
2024-08-17 16:00:00,8.678274485271988
2024-08-17 17:00:00,7.934679417714628
2024-08-17 18:00:00,5.739590141477789
2024-08-17 19:00:00,4.145517986300966
2024-08-17 20:00:00,2.4948639633389202
2024-08-17 21:00:00,1.7688878681317797
2024-08-17 22:00:00,1.3776070131839746
2024-08-17 23:00:00,1.6809305190225245
2024-08-18 00:00:00,3.508263124531952
2024-08-18 01:00:00,2.5200160786423575
2024-08-18 02:00:00,2.0528963792214956
2024-08-18 03:00:00,2.0477275845059904
2024-08-18 04:00:00,1.7487049459508734
2024-08-18 05:00:00,0.979026655376412
2024-08-18 06:00:00,1.2282130262452085
2024-08-18 07:00:00,2.322179887157361
2024-08-18 08:00:00,5.939058386306304
2024-08-18 09:00:00,9.826153586547951
2024-08-18 10:00:00,9.496037511606222
2024-08-18 11:00:00,9.129852844960162
2024-08-18 12:00:00,8.71405025551794
2024-08-18 13:00:00,9.529392121416457
2024-08-18 14:00:00,10.846230118145444
2024-08-18 15:00:00,9.192929299890698
2024-08-18 16:00:00,8.999639331469075
2024-08-18 17:00:00,8.622927162472703
2024-08-18 18:00:00,7.5537824249268635
2024-08-18 19:00:00,7.224669107577742
2024-08-18 20:00:00,4.514922225650326
2024-08-18 21:00:00,3.262694351378406
2024-08-18 22:00:00,2.297297611027956
2024-08-18 23:00:00,2.103931684868927
2024-08-19 00:00:00,4.945715836622755
2024-08-19 01:00:00,3.66537368304769
2024-08-19 02:00:00,3.3483401106688073
2024-08-19 03:00:00,3.0076579818091185
2024-08-19 04:00:00,3.59447329092663
2024-08-19 05:00:00,2.592971097423424
2024-08-19 06:00:00,2.3781442211971706
2024-08-19 07:00:00,3.353729086964317
2024-08-19 08:00:00,7.756587609782155
2024-08-19 09:00:00,9.583435010223203
2024-08-19 10:00:00,6.858428851368714
2024-08-19 11:00:00,7.474947572508363
2024-08-19 12:00:00,8.391843724565085
2024-08-19 13:00:00,10.93898110829254
2024-08-19 14:00:00,12.198744539762442
2024-08-19 15:00:00,10.623724143798206
2024-08-19 16:00:00,10.309161150512958
2024-08-19 17:00:00,10.057831773340066
2024-08-19 18:00:00,8.16813950753327
2024-08-19 19:00:00,5.748746016540351
2024-08-19 20:00:00,3.5255356755380625
2024-08-19 21:00:00,3.295605890294659
2024-08-19 22:00:00,3.707082206038137
2024-08-19 23:00:00,3.7694230659394847
2024-08-20 00:00:00,6.008100551765951
2024-08-20 01:00:00,4.190747615462762
2024-08-20 02:00:00,4.239319995148237
2024-08-20 03:00:00,3.9790145019036767
2024-08-20 04:00:00,4.13534614789337
2024-08-20 05:00:00,4.492199390904845
2024-08-20 06:00:00,2.785759504087303
2024-08-20 07:00:00,3.6748715276031874
2024-08-20 08:00:00,9.06113407713416
2024-08-20 09:00:00,10.90623228225283
2024-08-20 10:00:00,10.915857730856969
2024-08-20 11:00:00,9.880646353570496
2024-08-20 12:00:00,10.35785115767373
2024-08-20 13:00:00,9.80005850308487
2024-08-20 14:00:00,10.437876163780222
2024-08-20 15:00:00,11.085558981623665
2024-08-20 16:00:00,10.019581945610517
2024-08-20 17:00:00,9.727072783537109
2024-08-20 18:00:00,8.273455140638559
2024-08-20 19:00:00,6.544280738545977
2024-08-20 20:00:00,6.26176506485071
2024-08-20 21:00:00,2.707634911904058
2024-08-20 22:00:00,1.3821739302096288
2024-08-20 23:00:00,1.0653464338114413
2024-08-21 00:00:00,2.5751151621814694
2024-08-21 01:00:00,4.118913319779756
2024-08-21 02:00:00,5.951362933023086
2024-08-21 03:00:00,3.6799988899289717
2024-08-21 04:00:00,2.624848188321356
2024-08-21 05:00:00,2.9887192800928313
2024-08-21 06:00:00,1.1542691552664128
2024-08-21 07:00:00,4.153362486052805
2024-08-21 08:00:00,10.783176369692104
2024-08-21 09:00:00,12.620380919342338
2024-08-21 10:00:00,13.26362319938409
2024-08-21 11:00:00,11.736216887246323
2024-08-21 12:00:00,11.818846260299587
2024-08-21 13:00:00,12.0975732021902
2024-08-21 14:00:00,13.50097229107859
2024-08-21 15:00:00,13.667607247308105
2024-08-21 16:00:00,12.40773174916184
2024-08-21 17:00:00,11.551355010372639
2024-08-21 18:00:00,9.548538194605388
2024-08-21 19:00:00,7.177336125040894
2024-08-21 20:00:00,6.7145710274381525
2024-08-21 21:00:00,3.019486992186411
2024-08-21 22:00:00,0.5489185567355577
2024-08-21 23:00:00,0.9622411038214982
2024-08-22 00:00:00,3.0120435510795565
2024-08-22 01:00:00,3.104385553243878
2024-08-22 02:00:00,1.6775621239730918
2024-08-22 03:00:00,0.911815562037531
2024-08-22 04:00:00,0.9335673601506316
2024-08-22 05:00:00,1.425360937977707
2024-08-22 06:00:00,0.0
2024-08-22 07:00:00,2.3273737267981147
2024-08-22 08:00:00,6.873261428844723
2024-08-22 09:00:00,13.76111874304455
2024-08-22 10:00:00,15.407104817316968
2024-08-22 11:00:00,13.918379763895105
2024-08-22 12:00:00,14.609014024567893
2024-08-22 13:00:00,13.754951882333344
2024-08-22 14:00:00,14.412334642363318
2024-08-22 15:00:00,15.087616281519546
2024-08-22 16:00:00,13.339102338885185
2024-08-22 17:00:00,14.079602758009125
2024-08-22 18:00:00,10.706498032958509
2024-08-22 19:00:00,9.125463191331924
2024-08-22 20:00:00,7.77019888287794
2024-08-22 21:00:00,5.891047972868975
2024-08-22 22:00:00,5.3849958711379085
2024-08-22 23:00:00,3.1548449452867113
2024-08-23 00:00:00,7.1982892299180445
2024-08-23 01:00:00,8.47848291410074
2024-08-23 02:00:00,4.742172830086766
2024-08-23 03:00:00,2.9025407343725678
2024-08-23 04:00:00,1.8873418371820123
2024-08-23 05:00:00,1.799856514549745
2024-08-23 06:00:00,0.6324288062932162
2024-08-23 07:00:00,2.9246768901321882
2024-08-23 08:00:00,8.398841065184758
2024-08-23 09:00:00,12.183864943671109
2024-08-23 10:00:00,13.051950535805354
2024-08-23 11:00:00,12.283661060232907
2024-08-23 12:00:00,12.577175284413288
2024-08-23 13:00:00,12.13678426057297
2024-08-23 14:00:00,13.648442442385605
2024-08-23 15:00:00,14.127795149421729
2024-08-23 16:00:00,11.447366064352893
2024-08-23 17:00:00,10.613446555038015
2024-08-23 18:00:00,9.135627593769089
2024-08-23 19:00:00,6.779758603050979
2024-08-23 20:00:00,5.8644086803577675
2024-08-23 21:00:00,1.9551496980596066
2024-08-23 22:00:00,1.3850112355486854
2024-08-23 23:00:00,1.7311712207469199
2024-08-24 00:00:00,4.204866352435757
2024-08-24 01:00:00,2.747134273914746
2024-08-24 02:00:00,2.18957961172531
2024-08-24 03:00:00,1.801710669542313
2024-08-24 04:00:00,2.048503392443705
2024-08-24 05:00:00,1.8384439187850692
2024-08-24 06:00:00,0.7244001076215687
2024-08-24 07:00:00,2.3326246108455204
2024-08-24 08:00:00,6.086145835580212
2024-08-24 09:00:00,12.044176298091394
2024-08-24 10:00:00,11.373653440173001
2024-08-24 11:00:00,10.002802820377466
2024-08-24 12:00:00,10.281041541751781
2024-08-24 13:00:00,10.409827414268603
2024-08-24 14:00:00,11.509806352831768
2024-08-24 15:00:00,11.093224782872221
2024-08-24 16:00:00,10.916555076393982
2024-08-24 17:00:00,10.400495319701529
2024-08-24 18:00:00,8.160990294647963
2024-08-24 19:00:00,7.113833042597881
2024-08-24 20:00:00,2.9452113846017975
2024-08-24 21:00:00,2.071421939440741
2024-08-24 22:00:00,1.338591114142969
2024-08-24 23:00:00,1.3947529416879347
2024-08-25 00:00:00,4.124711665334624
2024-08-25 01:00:00,2.895940788173962
2024-08-25 02:00:00,2.149735299060409
2024-08-25 03:00:00,1.902501476327826
2024-08-25 04:00:00,2.29016413098907
2024-08-25 05:00:00,1.0685096440000166
2024-08-25 06:00:00,0.706269287541037
2024-08-25 07:00:00,2.624087961054871
2024-08-25 08:00:00,6.537384797812381
2024-08-25 09:00:00,8.967960478826868
2024-08-25 10:00:00,9.257714862411806
2024-08-25 11:00:00,9.091541084659651
2024-08-25 12:00:00,9.109009465705205
2024-08-25 13:00:00,9.700877217832085
2024-08-25 14:00:00,10.251315297552999
2024-08-25 15:00:00,8.91486361131295
2024-08-25 16:00:00,9.89358532633613
2024-08-25 17:00:00,9.199242567067968
2024-08-25 18:00:00,8.613836331104528
2024-08-25 19:00:00,6.499830075961671
2024-08-25 20:00:00,3.34447032270518
2024-08-25 21:00:00,2.6636492904639413
2024-08-25 22:00:00,1.9783580556941143
2024-08-25 23:00:00,2.535933113464796
2024-08-26 00:00:00,3.8636393781413574
2024-08-26 01:00:00,2.806947905652378
2024-08-26 02:00:00,2.5284248110312895
2024-08-26 03:00:00,2.084428404261182
2024-08-26 04:00:00,2.099044351263387
2024-08-26 05:00:00,0.9169373285344684
2024-08-26 06:00:00,0.8091643162384083
2024-08-26 07:00:00,3.5996814310470038
2024-08-26 08:00:00,6.513359871833616
2024-08-26 09:00:00,9.078904123933556
2024-08-26 10:00:00,10.365788112133199
2024-08-26 11:00:00,9.902008222215118
2024-08-26 12:00:00,9.910286214679408
2024-08-26 13:00:00,11.421046469891682
2024-08-26 14:00:00,10.905054983461858
2024-08-26 15:00:00,9.69046053036455
2024-08-26 16:00:00,8.530423569438328
2024-08-26 17:00:00,8.704144999888594
2024-08-26 18:00:00,7.552082391485014
2024-08-26 19:00:00,4.181270443164722
2024-08-26 20:00:00,2.630231695583311
2024-08-26 21:00:00,2.681154686585867
2024-08-26 22:00:00,2.178426828077425
2024-08-26 23:00:00,2.592527215619405
2024-08-27 00:00:00,3.442605826282035
2024-08-27 01:00:00,2.9867070828271913
2024-08-27 02:00:00,3.1097018468808706
2024-08-27 03:00:00,3.668961227308905
2024-08-27 04:00:00,3.252944381030196
2024-08-27 05:00:00,1.7362732889750758
2024-08-27 06:00:00,1.1886621717271422
2024-08-27 07:00:00,3.020970283041578
2024-08-27 08:00:00,6.833670654425389
2024-08-27 09:00:00,10.27539020446809
2024-08-27 10:00:00,11.374528679462275
2024-08-27 11:00:00,10.196441934098571
2024-08-27 12:00:00,9.649741852875477
2024-08-27 13:00:00,10.470022848367407
2024-08-27 14:00:00,10.248264706932252
2024-08-27 15:00:00,8.580550688887847
2024-08-27 16:00:00,8.857827053364836
2024-08-27 17:00:00,7.307205083265471
2024-08-27 18:00:00,6.966111302596472
2024-08-27 19:00:00,5.739417078856492
2024-08-27 20:00:00,3.750037124798469
2024-08-27 21:00:00,3.157452923749357
2024-08-27 22:00:00,2.6446804839899203
2024-08-27 23:00:00,2.556627744757286
2024-08-28 00:00:00,4.179050088430216
2024-08-28 01:00:00,2.827303376695082
2024-08-28 02:00:00,2.515296884361555
2024-08-28 03:00:00,2.458901782754517
2024-08-28 04:00:00,3.041296613353933
2024-08-28 05:00:00,2.3658570665628744
2024-08-28 06:00:00,1.340906783756585
2024-08-28 07:00:00,4.117675931135654
2024-08-28 08:00:00,5.839540826823176
2024-08-28 09:00:00,9.98846542849197
2024-08-28 10:00:00,10.813302474853757
2024-08-28 11:00:00,10.41130880226458
2024-08-28 12:00:00,10.732065176673974
2024-08-28 13:00:00,10.839255919791968
2024-08-28 14:00:00,12.144459215670306
2024-08-28 15:00:00,10.339544623546649
2024-08-28 16:00:00,10.03247351813671
2024-08-28 17:00:00,10.193711871242824
2024-08-28 18:00:00,7.919574291262768
2024-08-28 19:00:00,4.925883267315573
2024-08-28 20:00:00,2.655046533687018
2024-08-28 21:00:00,2.5544117600646388
2024-08-28 22:00:00,2.6651119920436237
2024-08-28 23:00:00,2.7546297397649466
2024-08-29 00:00:00,5.158836485149731
2024-08-29 01:00:00,4.423151746998155
2024-08-29 02:00:00,3.8066617969766483
2024-08-29 03:00:00,3.5227522169428003
2024-08-29 04:00:00,4.7111746585145164
2024-08-29 05:00:00,3.481406196017888
2024-08-29 06:00:00,2.343603787351036
2024-08-29 07:00:00,4.268501425923266
2024-08-29 08:00:00,7.140647119644022
2024-08-29 09:00:00,11.16883185951777
2024-08-29 10:00:00,9.926565041902363
2024-08-29 11:00:00,11.272989194765959
2024-08-29 12:00:00,13.295997181730167
2024-08-29 13:00:00,13.540187198939298
2024-08-29 14:00:00,14.271741148834218
2024-08-29 15:00:00,12.370002126121376
2024-08-29 16:00:00,11.898177568278715
2024-08-29 17:00:00,10.758719939610936
2024-08-29 18:00:00,9.109196013077334
2024-08-29 19:00:00,6.404929056459242
2024-08-29 20:00:00,4.766612776860479
2024-08-29 21:00:00,4.490339683067501
2024-08-29 22:00:00,3.9163161828643966
2024-08-29 23:00:00,3.770084248116844
2024-08-30 00:00:00,9.478623835654533
2024-08-30 01:00:00,8.409428273379715
2024-08-30 02:00:00,7.825711492513964
2024-08-30 03:00:00,7.838320434907793
2024-08-30 04:00:00,9.017540952204104
2024-08-30 05:00:00,11.173381269923754
2024-08-30 06:00:00,10.847807840082234
2024-08-30 07:00:00,8.373134355353303
2024-08-30 08:00:00,8.372409986757594
2024-08-30 09:00:00,11.314676871633612
2024-08-30 10:00:00,9.789086605196351
2024-08-30 11:00:00,9.612842511067818
2024-08-30 12:00:00,9.34873060747876
2024-08-30 13:00:00,10.278317919538503
2024-08-30 14:00:00,11.774812112928839
2024-08-30 15:00:00,12.667231571900315
2024-08-30 16:00:00,11.152932499508642
2024-08-30 17:00:00,10.45299785329978
2024-08-30 18:00:00,7.7916723788930256
2024-08-30 19:00:00,5.339519604187675
2024-08-30 20:00:00,5.54760014011025
2024-08-30 21:00:00,2.8973411694347098
2024-08-30 22:00:00,3.395484430647281
2024-08-30 23:00:00,4.288939095468078
2024-08-31 00:00:00,5.8118556187735155
2024-08-31 01:00:00,6.220165866522459
2024-08-31 02:00:00,3.8308930907907786
2024-08-31 03:00:00,4.0895528963981995
2024-08-31 04:00:00,4.547068129231533
2024-08-31 05:00:00,4.393529388272115
2024-08-31 06:00:00,3.7640444243626683
2024-08-31 07:00:00,3.3886177842142633
2024-08-31 08:00:00,6.8644511796399
2024-08-31 09:00:00,11.908117167985724
2024-08-31 10:00:00,12.342528802461569
2024-08-31 11:00:00,11.908178199904368
2024-08-31 12:00:00,10.702169164365369
2024-08-31 13:00:00,12.257228693923343
2024-08-31 14:00:00,13.301119640532816
2024-08-31 15:00:00,13.31912558703692
2024-08-31 16:00:00,14.344492068351725
2024-08-31 17:00:00,12.644441694602467
2024-08-31 18:00:00,10.606822072484691
2024-08-31 19:00:00,7.956056225594072
2024-08-31 20:00:00,6.232935223461999
2024-08-31 21:00:00,3.9882344962400347
2024-08-31 22:00:00,2.513419949613082
2024-08-31 23:00:00,2.751592329486314
2024-09-01 00:00:00,4.787552872411204
2024-09-01 01:00:00,5.533161995205179
2024-09-01 02:00:00,5.7225754201257
2024-09-01 03:00:00,3.633772917963659
2024-09-01 04:00:00,3.4290551124643773
2024-09-01 05:00:00,3.1763951160328854
2024-09-01 06:00:00,3.9654044103897306
2024-09-01 07:00:00,3.9720759029809742
2024-09-01 08:00:00,6.664616351014709
2024-09-01 09:00:00,10.28532882602886
2024-09-01 10:00:00,12.373556895368578
2024-09-01 11:00:00,15.594493534907157
2024-09-01 12:00:00,13.40216630989487
2024-09-01 13:00:00,13.081142999992641
2024-09-01 14:00:00,12.412490588742859
2024-09-01 15:00:00,12.84971653656948
2024-09-01 16:00:00,13.819038187702802
2024-09-01 17:00:00,11.366178501255515
2024-09-01 18:00:00,8.711293454343961
2024-09-01 19:00:00,6.155424847656835
2024-09-01 20:00:00,4.698958232463083
2024-09-01 21:00:00,4.339428112462087
2024-09-01 22:00:00,3.115465876991987
2024-09-01 23:00:00,2.8902420220276186
2024-09-02 00:00:00,5.491131692521631
2024-09-02 01:00:00,5.164536131993524
2024-09-02 02:00:00,5.9155594857973135
2024-09-02 03:00:00,4.6753202100204945
2024-09-02 04:00:00,4.553775123411182
2024-09-02 05:00:00,4.269167464592906
2024-09-02 06:00:00,4.455987914132466
2024-09-02 07:00:00,7.02973910916156
2024-09-02 08:00:00,11.909743463105002
2024-09-02 09:00:00,15.57000469399392
2024-09-02 10:00:00,14.465866904974082
2024-09-02 11:00:00,15.017825360534983
2024-09-02 12:00:00,15.237097991971623
2024-09-02 13:00:00,13.90040133900752
2024-09-02 14:00:00,12.890220349318579
2024-09-02 15:00:00,14.436620248295327
2024-09-02 16:00:00,13.888989867172986
2024-09-02 17:00:00,13.314969797249836
2024-09-02 18:00:00,9.909893653293276
2024-09-02 19:00:00,7.743422355901856
2024-09-02 20:00:00,5.780442815932432
2024-09-02 21:00:00,4.494772272923001
2024-09-02 22:00:00,4.519318395927691
2024-09-02 23:00:00,2.4895337765233565
2024-09-03 00:00:00,5.084766483282724
2024-09-03 01:00:00,4.367086851463462
2024-09-03 02:00:00,4.052049393437737
2024-09-03 03:00:00,4.508286089895051
2024-09-03 04:00:00,2.838642332104123
2024-09-03 05:00:00,2.4866707531472345
2024-09-03 06:00:00,3.900638613554486
2024-09-03 07:00:00,5.009003905043178
2024-09-03 08:00:00,8.10152677149149
2024-09-03 09:00:00,12.165373392155173
2024-09-03 10:00:00,14.425488420751897
2024-09-03 11:00:00,14.325048937258295
2024-09-03 12:00:00,14.165615468338133
2024-09-03 13:00:00,13.20839693280663
2024-09-03 14:00:00,11.390111911492758
2024-09-03 15:00:00,10.655164701328452
2024-09-03 16:00:00,10.386344662925515
2024-09-03 17:00:00,10.628883956497337
2024-09-03 18:00:00,8.534247244893438
2024-09-03 19:00:00,5.6014663307986785
2024-09-03 20:00:00,5.448701158516512
2024-09-03 21:00:00,5.309942577881975
2024-09-03 22:00:00,7.105435768751084
2024-09-03 23:00:00,7.735770181280918
2024-09-04 00:00:00,8.37050986249411
2024-09-04 01:00:00,6.05442061442448
2024-09-04 02:00:00,5.03983154665186
2024-09-04 03:00:00,5.529182488551902
2024-09-04 04:00:00,4.770311444598365
2024-09-04 05:00:00,4.654798163789333
2024-09-04 06:00:00,7.544411338565299
2024-09-04 07:00:00,10.432283533162606
2024-09-04 08:00:00,10.959353868490297
2024-09-04 09:00:00,11.698972364802593
2024-09-04 10:00:00,10.71018567225613
2024-09-04 11:00:00,9.202416401692597
2024-09-04 12:00:00,10.735708316409763
2024-09-04 13:00:00,11.032711632195031
2024-09-04 14:00:00,10.346393790464024
2024-09-04 15:00:00,9.95384003029711
2024-09-04 16:00:00,9.301190566086548
2024-09-04 17:00:00,8.996267712798982
2024-09-04 18:00:00,8.631280334460207
2024-09-04 19:00:00,6.1201404943966065
2024-09-04 20:00:00,4.806969352130443
2024-09-04 21:00:00,4.0050514766826995
2024-09-04 22:00:00,4.556013819393957
2024-09-04 23:00:00,6.224323587624282
2024-09-05 00:00:00,5.831840053896583
2024-09-05 01:00:00,5.19962242011921
2024-09-05 02:00:00,5.199144926571738
2024-09-05 03:00:00,8.390214066168173
2024-09-05 04:00:00,9.349772711313259
2024-09-05 05:00:00,8.860058915619993
2024-09-05 06:00:00,7.000841651722668
2024-09-05 07:00:00,7.539318638834437
2024-09-05 08:00:00,9.021563743967329
2024-09-05 09:00:00,10.515892169489046
2024-09-05 10:00:00,9.764932495031971
2024-09-05 11:00:00,9.181238935870297
2024-09-05 12:00:00,9.606404582733756
2024-09-05 13:00:00,11.660975674446876
2024-09-05 14:00:00,13.151269537362609
2024-09-05 15:00:00,14.501459868639094
2024-09-05 16:00:00,12.833746918503152
2024-09-05 17:00:00,12.306202808292417
2024-09-05 18:00:00,11.182525316062586
2024-09-05 19:00:00,9.372184216401568
2024-09-05 20:00:00,7.008809372940107
2024-09-05 21:00:00,6.632040859814352
2024-09-05 22:00:00,4.072018237423858
2024-09-05 23:00:00,3.7399019936533264
2024-09-06 00:00:00,6.2751920371631
2024-09-06 01:00:00,4.876415460906291
2024-09-06 02:00:00,4.094030846853902
2024-09-06 03:00:00,5.160116790798515
2024-09-06 04:00:00,6.060582554327226
2024-09-06 05:00:00,6.3543818344157685
2024-09-06 06:00:00,4.69201987609589
2024-09-06 07:00:00,4.177606338433852
2024-09-06 08:00:00,5.397680077084393
2024-09-06 09:00:00,9.99097047803352
2024-09-06 10:00:00,13.158769943336763
2024-09-06 11:00:00,12.789722518177959
2024-09-06 12:00:00,14.355721435261763
2024-09-06 13:00:00,13.297310373119211
2024-09-06 14:00:00,13.937534349282782
2024-09-06 15:00:00,14.042374931937536
2024-09-06 16:00:00,13.22282006308856
2024-09-06 17:00:00,12.22926974455415
2024-09-06 18:00:00,9.333482560438249
2024-09-06 19:00:00,6.692356076917538
2024-09-06 20:00:00,5.566308730387633
2024-09-06 21:00:00,4.198936699933241
2024-09-06 22:00:00,3.375815178580509
2024-09-06 23:00:00,3.2404787049891843
2024-09-07 00:00:00,5.35383579787641
2024-09-07 01:00:00,5.827883447096971
2024-09-07 02:00:00,4.566934492309265
2024-09-07 03:00:00,3.9891899726259865
2024-09-07 04:00:00,3.5439007986430373
2024-09-07 05:00:00,3.9137340503444324
2024-09-07 06:00:00,3.619062895728289
2024-09-07 07:00:00,4.383650463883816
2024-09-07 08:00:00,7.377389147443342
2024-09-07 09:00:00,10.89668149798096
2024-09-07 10:00:00,14.273172867244227
2024-09-07 11:00:00,15.614816879201632
2024-09-07 12:00:00,13.546785790795687
2024-09-07 13:00:00,13.9021297289885
2024-09-07 14:00:00,12.980916318183644
2024-09-07 15:00:00,12.467451990295363
2024-09-07 16:00:00,13.567663908062068
2024-09-07 17:00:00,10.546833952254714
2024-09-07 18:00:00,10.957156452637102
2024-09-07 19:00:00,7.914102497340462
2024-09-07 20:00:00,5.4927065557602095
2024-09-07 21:00:00,4.869522102375827
2024-09-07 22:00:00,3.0029370153957533
2024-09-07 23:00:00,2.7053049483725107
2024-09-08 00:00:00,4.746514326665212
2024-09-08 01:00:00,4.974810820568768
2024-09-08 02:00:00,5.371973795270551
2024-09-08 03:00:00,4.013201116186304
2024-09-08 04:00:00,4.185294864607114
2024-09-08 05:00:00,4.065634656606388
2024-09-08 06:00:00,4.79843433178729
2024-09-08 07:00:00,6.010299162239971
2024-09-08 08:00:00,10.307734717363006
2024-09-08 09:00:00,12.693846231031747
2024-09-08 10:00:00,11.88547964095606
2024-09-08 11:00:00,12.774038724162262
2024-09-08 12:00:00,12.965149098738408
2024-09-08 13:00:00,11.751114930387764
2024-09-08 14:00:00,11.068926984502609
2024-09-08 15:00:00,11.529196812054256
2024-09-08 16:00:00,11.276220714595388
2024-09-08 17:00:00,12.24596125215487
2024-09-08 18:00:00,9.280089210543663
2024-09-08 19:00:00,6.982269574118725
2024-09-08 20:00:00,4.8448732030905495
2024-09-08 21:00:00,4.745638359345607
2024-09-08 22:00:00,3.960616367232414
2024-09-08 23:00:00,2.608314403643958
2024-09-09 00:00:00,4.469443653266136
2024-09-09 01:00:00,4.4756842599688405
2024-09-09 02:00:00,4.24348246449429
2024-09-09 03:00:00,4.6011367176602525
2024-09-09 04:00:00,3.2176461861973555
2024-09-09 05:00:00,2.5644891638745886
2024-09-09 06:00:00,3.135683312066725
2024-09-09 07:00:00,4.964918962619725
2024-09-09 08:00:00,10.411935572228254
2024-09-09 09:00:00,10.727769383958732
2024-09-09 10:00:00,10.81995922571357
2024-09-09 11:00:00,12.151447250319244
2024-09-09 12:00:00,13.512687839770951
2024-09-09 13:00:00,14.581268270651712
2024-09-09 14:00:00,12.725525005676214
2024-09-09 15:00:00,12.73631099863933
2024-09-09 16:00:00,12.392217631606949
2024-09-09 17:00:00,12.463986350739386
2024-09-09 18:00:00,9.591050089900843
2024-09-09 19:00:00,6.156268356375265
2024-09-09 20:00:00,5.21124796947862
2024-09-09 21:00:00,4.834653822919509
2024-09-09 22:00:00,5.453872178779029
2024-09-09 23:00:00,5.451544238912744
2024-09-10 00:00:00,6.016747019761819
2024-09-10 01:00:00,6.417665612195453
2024-09-10 02:00:00,5.473330345656505
2024-09-10 03:00:00,5.054366984938314
2024-09-10 04:00:00,5.94779373274851
2024-09-10 05:00:00,4.90359065924077
2024-09-10 06:00:00,4.3204239213441635
2024-09-10 07:00:00,5.81957301211949
2024-09-10 08:00:00,10.075060239733691
2024-09-10 09:00:00,9.872221030417283
2024-09-10 10:00:00,8.893971052229219
2024-09-10 11:00:00,9.821775440082634
2024-09-10 12:00:00,8.83204868388951
2024-09-10 13:00:00,11.316012194907776
2024-09-10 14:00:00,10.092410320833915
2024-09-10 15:00:00,10.26319016286575
2024-09-10 16:00:00,9.460843350914551
2024-09-10 17:00:00,9.649058349543639
2024-09-10 18:00:00,10.039551238597648
2024-09-10 19:00:00,7.187049164564462
2024-09-10 20:00:00,4.452582390665931
2024-09-10 21:00:00,3.927588035972848
2024-09-10 22:00:00,5.025772189715177
2024-09-10 23:00:00,5.093910481500112
2024-09-11 00:00:00,5.375109904521709
2024-09-11 01:00:00,4.7114017201860925
2024-09-11 02:00:00,4.735059422595228
2024-09-11 03:00:00,4.935334121861361
2024-09-11 04:00:00,5.6520199166783724
2024-09-11 05:00:00,4.03878193606261
2024-09-11 06:00:00,3.656438747536108
2024-09-11 07:00:00,4.341655038531414
2024-09-11 08:00:00,10.537614069056064
2024-09-11 09:00:00,14.127708124178621
2024-09-11 10:00:00,12.359372567630949
2024-09-11 11:00:00,13.631869413886932
2024-09-11 12:00:00,12.774253403639333
2024-09-11 13:00:00,13.311485317598528
2024-09-11 14:00:00,13.207252992746874
2024-09-11 15:00:00,10.990202239260665
2024-09-11 16:00:00,9.822976127913492
2024-09-11 17:00:00,9.897403427358478
2024-09-11 18:00:00,9.313933394003683
2024-09-11 19:00:00,7.687253676038159
2024-09-11 20:00:00,4.284977364819341
2024-09-11 21:00:00,4.0020647763897035
2024-09-11 22:00:00,2.9563253665995766
2024-09-11 23:00:00,3.13653094261557
2024-09-12 00:00:00,6.127979560671967
2024-09-12 01:00:00,4.16703004303176
2024-09-12 02:00:00,3.7690341133003495
2024-09-12 03:00:00,3.8442765443502376
2024-09-12 04:00:00,3.8714349445239584
2024-09-12 05:00:00,4.3757646310570175
2024-09-12 06:00:00,3.3085433742337944
2024-09-12 07:00:00,4.940865970351078
2024-09-12 08:00:00,10.473377126892428
2024-09-12 09:00:00,11.666511464085168
2024-09-12 10:00:00,12.533863724369938
2024-09-12 11:00:00,10.22037789909153
2024-09-12 12:00:00,10.86693327026788
2024-09-12 13:00:00,11.806709611833472
2024-09-12 14:00:00,11.545593317250551
2024-09-12 15:00:00,11.801698769925176
2024-09-12 16:00:00,11.010548941467505
2024-09-12 17:00:00,11.1702070798935
2024-09-12 18:00:00,9.902148510404034
2024-09-12 19:00:00,6.777247369766543
2024-09-12 20:00:00,5.139245553243576
2024-09-12 21:00:00,3.952096412754485
2024-09-12 22:00:00,3.229534729657173
2024-09-12 23:00:00,2.6925316217098567
2024-09-13 00:00:00,5.6982106510127455
2024-09-13 01:00:00,5.449339162567155
2024-09-13 02:00:00,4.527803996660469
2024-09-13 03:00:00,4.447653209679417
2024-09-13 04:00:00,4.107804453952347
2024-09-13 05:00:00,5.377523359595142
2024-09-13 06:00:00,5.742428311420195
2024-09-13 07:00:00,5.077642827685272
2024-09-13 08:00:00,8.885686678951547
2024-09-13 09:00:00,8.846261355293583
2024-09-13 10:00:00,9.974342789075498
2024-09-13 11:00:00,11.70066095156998
2024-09-13 12:00:00,11.656956879815606
2024-09-13 13:00:00,11.273600899374525
2024-09-13 14:00:00,13.388705616061445
2024-09-13 15:00:00,14.314874934678798
2024-09-13 16:00:00,13.03263146474313
2024-09-13 17:00:00,12.046922609158525
2024-09-13 18:00:00,10.592023847564391
2024-09-13 19:00:00,6.96104824144485
2024-09-13 20:00:00,5.2287421375548595
2024-09-13 21:00:00,4.0175891341658225
2024-09-13 22:00:00,4.192937966542615
2024-09-13 23:00:00,3.1637923915090553
2024-09-14 00:00:00,6.140429826313298
2024-09-14 01:00:00,7.27126568415407
2024-09-14 02:00:00,6.052898561966279
2024-09-14 03:00:00,5.07920494943983
2024-09-14 04:00:00,5.034588405829662
2024-09-14 05:00:00,5.912520966582095
2024-09-14 06:00:00,9.864670340471731
2024-09-14 07:00:00,9.016849908894121
2024-09-14 08:00:00,8.188560398687668
2024-09-14 09:00:00,9.133761991615701
2024-09-14 10:00:00,10.428546416006387
2024-09-14 11:00:00,11.15042785780795
2024-09-14 12:00:00,10.936633715705241
2024-09-14 13:00:00,12.436418129513479
2024-09-14 14:00:00,12.476532722071708
2024-09-14 15:00:00,15.093225747752076
2024-09-14 16:00:00,12.962860249597835
2024-09-14 17:00:00,12.525142501893553
2024-09-14 18:00:00,11.808168783476543
2024-09-14 19:00:00,8.31564091864615
2024-09-14 20:00:00,5.526679928573617
2024-09-14 21:00:00,4.425350580471481
2024-09-14 22:00:00,4.181188258908325
2024-09-14 23:00:00,3.8113728858501412
2024-09-15 00:00:00,6.1711896868047535
2024-09-15 01:00:00,6.662359281250737
2024-09-15 02:00:00,6.170738788468446
2024-09-15 03:00:00,6.328791592953744
2024-09-15 04:00:00,5.370413090733802
2024-09-15 05:00:00,4.779671043704673
2024-09-15 06:00:00,6.029950096398878
2024-09-15 07:00:00,12.660202126089658
2024-09-15 08:00:00,14.276305797149119
2024-09-15 09:00:00,13.492532566132747
2024-09-15 10:00:00,13.794180731365982
2024-09-15 11:00:00,12.701379854703388
2024-09-15 12:00:00,13.307939631912127
2024-09-15 13:00:00,14.23992647838294
2024-09-15 14:00:00,13.25413790770551
2024-09-15 15:00:00,14.329107726899313
2024-09-15 16:00:00,13.688753797053225
2024-09-15 17:00:00,12.453145335495112
2024-09-15 18:00:00,10.493678728542536
2024-09-15 19:00:00,8.40789110755205
2024-09-15 20:00:00,7.571496020038062
2024-09-15 21:00:00,5.101786383577668
2024-09-15 22:00:00,4.072002461766631
2024-09-15 23:00:00,4.633204599649327
2024-09-16 00:00:00,6.541222827160174
2024-09-16 01:00:00,6.990644282053896
2024-09-16 02:00:00,7.294184683788291
2024-09-16 03:00:00,6.265049578538732
2024-09-16 04:00:00,4.730126432960907
2024-09-16 05:00:00,4.631122029145516
2024-09-16 06:00:00,6.41337837299916
2024-09-16 07:00:00,6.128772573268625
2024-09-16 08:00:00,11.53950460722854
2024-09-16 09:00:00,15.703596143405804
2024-09-16 10:00:00,16.449097879219448
2024-09-16 11:00:00,16.388742056906732
2024-09-16 12:00:00,13.74870839969294
2024-09-16 13:00:00,12.401159432289104
2024-09-16 14:00:00,12.436079518602002
2024-09-16 15:00:00,14.176647612664933
2024-09-16 16:00:00,14.487096203838078
2024-09-16 17:00:00,11.967239611404008
2024-09-16 18:00:00,10.235747987427622
2024-09-16 19:00:00,7.532503252096578
2024-09-16 20:00:00,5.80939205841648
2024-09-16 21:00:00,5.441629371268529
2024-09-16 22:00:00,4.387488972870141
2024-09-16 23:00:00,3.4460185818120275
2024-09-17 00:00:00,5.1887576763408365
2024-09-17 01:00:00,5.243099043218519
2024-09-17 02:00:00,5.900415964552458
2024-09-17 03:00:00,5.730858657867122
2024-09-17 04:00:00,4.693217338765717
2024-09-17 05:00:00,4.4454000497805986
2024-09-17 06:00:00,4.728340848798453
2024-09-17 07:00:00,9.767042523253199
2024-09-17 08:00:00,12.61464619758561
2024-09-17 09:00:00,12.209244249136795
2024-09-17 10:00:00,13.23235746215669
2024-09-17 11:00:00,13.223015838407765
2024-09-17 12:00:00,12.969180739022375
2024-09-17 13:00:00,11.40698085184247
2024-09-17 14:00:00,10.306127306410193
2024-09-17 15:00:00,10.784345032294258
2024-09-17 16:00:00,10.125518792734194
2024-09-17 17:00:00,7.699833980947229
2024-09-17 18:00:00,6.200019606152236
2024-09-17 19:00:00,5.767972768900991
2024-09-17 20:00:00,6.878280322344757
2024-09-17 21:00:00,8.660059546442312
2024-09-17 22:00:00,8.503288134289726
2024-09-17 23:00:00,8.185788638858007
2024-09-18 00:00:00,10.865329531425495
2024-09-18 01:00:00,12.546158303362587
2024-09-18 02:00:00,11.704494368309412
2024-09-18 03:00:00,11.134492865820219
2024-09-18 04:00:00,8.816895793324347
2024-09-18 05:00:00,7.308221402886895
2024-09-18 06:00:00,8.002028117107383
2024-09-18 07:00:00,10.767533813161887
2024-09-18 08:00:00,12.78981338205065
2024-09-18 09:00:00,12.411895229786492
2024-09-18 10:00:00,12.726892922521627
2024-09-18 11:00:00,12.848928080219086
2024-09-18 12:00:00,14.527976015415426
2024-09-18 13:00:00,11.663517041087273
2024-09-18 14:00:00,11.010240887224413
2024-09-18 15:00:00,10.876209160520103
2024-09-18 16:00:00,11.261869002002049
2024-09-18 17:00:00,9.27426990593798
2024-09-18 18:00:00,8.701103589145092
2024-09-18 19:00:00,5.5184136311350045
2024-09-18 20:00:00,4.981623474483227
2024-09-18 21:00:00,8.707787193772775
2024-09-18 22:00:00,10.117626927254632
2024-09-18 23:00:00,7.735471680466404
2024-09-19 00:00:00,7.460238924034757
2024-09-19 01:00:00,10.257676402933283
2024-09-19 02:00:00,12.553781643519521
2024-09-19 03:00:00,11.009638188044947
2024-09-19 04:00:00,10.06928497797143
2024-09-19 05:00:00,9.414148179140795
2024-09-19 06:00:00,8.73013181531364
2024-09-19 07:00:00,13.418462395732625
2024-09-19 08:00:00,14.22217936407923
2024-09-19 09:00:00,12.572276569868112
2024-09-19 10:00:00,12.155089030634834
2024-09-19 11:00:00,12.690023455512282
2024-09-19 12:00:00,12.583374339032806
2024-09-19 13:00:00,12.813103064345627
2024-09-19 14:00:00,10.370542909798454
2024-09-19 15:00:00,11.405262494863644
2024-09-19 16:00:00,11.646345632953341
2024-09-19 17:00:00,12.140945912931922
2024-09-19 18:00:00,11.25061126638328
2024-09-19 19:00:00,8.695301626308144
2024-09-19 20:00:00,7.623171106268115
2024-09-19 21:00:00,6.098777580810609
2024-09-19 22:00:00,7.23204755106625
2024-09-19 23:00:00,6.003524756522592
2024-09-20 00:00:00,6.285502019745161
2024-09-20 01:00:00,6.318210514392556
2024-09-20 02:00:00,3.633081310626634
2024-09-20 03:00:00,3.546463688648258
2024-09-20 04:00:00,4.210046248980262
2024-09-20 05:00:00,2.708875630584747
2024-09-20 06:00:00,2.861408998835522
2024-09-20 07:00:00,7.894610041923874
2024-09-20 08:00:00,11.536072914169495
2024-09-20 09:00:00,13.850205653585622
2024-09-20 10:00:00,12.114298552531084
2024-09-20 11:00:00,12.806184018127459
2024-09-20 12:00:00,14.08605277601275
2024-09-20 13:00:00,14.12611803811406
2024-09-20 14:00:00,13.634795003044626
2024-09-20 15:00:00,11.279579645765809
2024-09-20 16:00:00,11.338939394903223
2024-09-20 17:00:00,10.445762301476114
2024-09-20 18:00:00,11.016227315666892
2024-09-20 19:00:00,8.563500647170901
2024-09-20 20:00:00,4.839937775338885
2024-09-20 21:00:00,3.4344597910175616
2024-09-20 22:00:00,3.1130273332690854
2024-09-20 23:00:00,4.036014764399866
2024-09-21 00:00:00,5.5453403117937015
2024-09-21 01:00:00,4.379926781651514
2024-09-21 02:00:00,5.672845541920582
2024-09-21 03:00:00,7.1948501229482815
2024-09-21 04:00:00,5.092041454222044
2024-09-21 05:00:00,4.830150131190393
2024-09-21 06:00:00,3.6809667207514045
2024-09-21 07:00:00,5.644702058528823
2024-09-21 08:00:00,11.270648439748351
2024-09-21 09:00:00,13.221987170493705
2024-09-21 10:00:00,14.416686056883671
2024-09-21 11:00:00,13.566768682770835
2024-09-21 12:00:00,13.294859139773003
2024-09-21 13:00:00,13.098927263435039
2024-09-21 14:00:00,12.732393679803602
2024-09-21 15:00:00,12.572822429784903
2024-09-21 16:00:00,11.626349338090774
2024-09-21 17:00:00,10.565285800509248
2024-09-21 18:00:00,10.290603137976133
2024-09-21 19:00:00,8.546538255629917
2024-09-21 20:00:00,7.434437649919689
2024-09-21 21:00:00,7.31319426972793
2024-09-21 22:00:00,6.138094641815638
2024-09-21 23:00:00,5.077570149169281
2024-09-22 00:00:00,8.20750425360909
2024-09-22 01:00:00,9.301495397914062
2024-09-22 02:00:00,6.8098514968732164
2024-09-22 03:00:00,6.032580556268465
2024-09-22 04:00:00,6.765688213125548
2024-09-22 05:00:00,7.388647222163224
2024-09-22 06:00:00,8.208164883544056
2024-09-22 07:00:00,9.256343212456805
2024-09-22 08:00:00,11.690636169682312
2024-09-22 09:00:00,12.973576575954409
2024-09-22 10:00:00,13.425670808482602
2024-09-22 11:00:00,13.216261268407429
2024-09-22 12:00:00,11.288084029869317
2024-09-22 13:00:00,11.085558355094742
2024-09-22 14:00:00,10.406567187916059
2024-09-22 15:00:00,11.0581888639836
2024-09-22 16:00:00,10.50730002218225
2024-09-22 17:00:00,10.337022968328233
2024-09-22 18:00:00,8.593797859897418
2024-09-22 19:00:00,7.085146330649877
2024-09-22 20:00:00,6.171882046553394
2024-09-22 21:00:00,4.253195645548942
2024-09-22 22:00:00,3.394896962942256
2024-09-22 23:00:00,3.7839762069435485
2024-09-23 00:00:00,5.896498137062281
2024-09-23 01:00:00,6.5666529121890065
2024-09-23 02:00:00,4.989857075003011
2024-09-23 03:00:00,4.717896070783125
2024-09-23 04:00:00,5.010725450679587
2024-09-23 05:00:00,4.882018993390046
2024-09-23 06:00:00,5.797733773891502
2024-09-23 07:00:00,5.406031563580108
2024-09-23 08:00:00,7.593261501906422
2024-09-23 09:00:00,7.410760260487217
2024-09-23 10:00:00,9.993010042876886
2024-09-23 11:00:00,11.501466325316029
2024-09-23 12:00:00,10.332899142276073
2024-09-23 13:00:00,10.41244185624969
2024-09-23 14:00:00,10.154369230988772
2024-09-23 15:00:00,10.35215301781754
2024-09-23 16:00:00,9.776685321309726
2024-09-23 17:00:00,9.173636089386019
2024-09-23 18:00:00,8.394291341393922
2024-09-23 19:00:00,5.964184162836237
2024-09-23 20:00:00,6.324148484093813
2024-09-23 21:00:00,4.569053515539019
2024-09-23 22:00:00,3.8365473906966407
2024-09-23 23:00:00,2.96527882647057
2024-09-24 00:00:00,6.011519484981674
2024-09-24 01:00:00,7.091615952602208
2024-09-24 02:00:00,6.975684437542364
2024-09-24 03:00:00,5.9067812307221566
2024-09-24 04:00:00,6.704851933004242
2024-09-24 05:00:00,5.304874591549234
2024-09-24 06:00:00,5.443997773369954
2024-09-24 07:00:00,6.765003444600882
2024-09-24 08:00:00,7.677209300799522
2024-09-24 09:00:00,9.154316531306202
2024-09-24 10:00:00,9.577491458890805
2024-09-24 11:00:00,10.919119915386487
2024-09-24 12:00:00,11.42161333868576
2024-09-24 13:00:00,11.20383116102316
2024-09-24 14:00:00,10.354296545733408
2024-09-24 15:00:00,11.182254194789465
2024-09-24 16:00:00,11.198056753417866
2024-09-24 17:00:00,9.705370392379788
2024-09-24 18:00:00,9.567868424526598
2024-09-24 19:00:00,7.813287191293055
2024-09-24 20:00:00,8.716378382849298
2024-09-24 21:00:00,9.439677518906727
2024-09-24 22:00:00,4.356715742948666
2024-09-24 23:00:00,3.0225497343485594
2024-09-25 00:00:00,5.173401332078435
2024-09-25 01:00:00,5.507756692989192
2024-09-25 02:00:00,5.676699921735459
2024-09-25 03:00:00,5.061395851032641
2024-09-25 04:00:00,4.056576915447602
2024-09-25 05:00:00,3.888308054994088
2024-09-25 06:00:00,4.410521841268447
2024-09-25 07:00:00,7.728891777970539
2024-09-25 08:00:00,10.774448339138813
2024-09-25 09:00:00,12.74256947158952
2024-09-25 10:00:00,12.75332646224414
2024-09-25 11:00:00,13.682352268403534
2024-09-25 12:00:00,13.072026544877252
2024-09-25 13:00:00,12.55075611862922
2024-09-25 14:00:00,10.443416851282674
2024-09-25 15:00:00,10.380000276958208
2024-09-25 16:00:00,11.109501026894694
2024-09-25 17:00:00,9.97181018618899
2024-09-25 18:00:00,8.487069940375317
2024-09-25 19:00:00,6.608690818318273
2024-09-25 20:00:00,5.975994914217241
2024-09-25 21:00:00,5.274490088401199
2024-09-25 22:00:00,3.6766455071170197
2024-09-25 23:00:00,2.9802042817818903
2024-09-26 00:00:00,5.5799578733761095
2024-09-26 01:00:00,5.184680628174188
2024-09-26 02:00:00,6.361863772474955
2024-09-26 03:00:00,5.702155196843664
2024-09-26 04:00:00,5.303694469076442
2024-09-26 05:00:00,4.804965039562452
2024-09-26 06:00:00,4.434595788447008
2024-09-26 07:00:00,7.849643089257018
2024-09-26 08:00:00,10.597001909543293
2024-09-26 09:00:00,13.070156948703469
2024-09-26 10:00:00,12.592715996596855
2024-09-26 11:00:00,14.366557108784594
2024-09-26 12:00:00,12.752974167395532
2024-09-26 13:00:00,10.98092027913422
2024-09-26 14:00:00,11.89668428704606
2024-09-26 15:00:00,9.335878215343087
2024-09-26 16:00:00,10.40192462927306
2024-09-26 17:00:00,9.139339135277366
2024-09-26 18:00:00,6.67366359761429
2024-09-26 19:00:00,5.8418772442210685
2024-09-26 20:00:00,7.333205845586253
2024-09-26 21:00:00,11.283860200698513
2024-09-26 22:00:00,9.860404481970374
2024-09-26 23:00:00,7.476226693657992
2024-09-27 00:00:00,7.577143221948736
2024-09-27 01:00:00,6.750977324365026
2024-09-27 02:00:00,6.855165668694566
2024-09-27 03:00:00,5.203557451146336
2024-09-27 04:00:00,4.583253821886975
2024-09-27 05:00:00,4.557905260633421
2024-09-27 06:00:00,4.9831150682536896
2024-09-27 07:00:00,5.510966738577732
2024-09-27 08:00:00,6.6852384889363465
2024-09-27 09:00:00,6.8314496666826034
2024-09-27 10:00:00,6.239509362901789
2024-09-27 11:00:00,8.578770183926082
2024-09-27 12:00:00,10.187603658887081
2024-09-27 13:00:00,10.832283121844588
2024-09-27 14:00:00,8.372492357035512
2024-09-27 15:00:00,6.389404090213748
2024-09-27 16:00:00,6.99178732272405
2024-09-27 17:00:00,6.626611734989684
2024-09-27 18:00:00,5.500079446355026
2024-09-27 19:00:00,4.629129248827978
2024-09-27 20:00:00,3.201788974058461
2024-09-27 21:00:00,3.9014547423819677
2024-09-27 22:00:00,3.35915759453386
2024-09-27 23:00:00,3.1351860822180884
2024-09-28 00:00:00,5.28168400020262
2024-09-28 01:00:00,4.469821673506006
2024-09-28 02:00:00,3.6984384663076217
2024-09-28 03:00:00,6.687867592248255
2024-09-28 04:00:00,5.8640538053323406
2024-09-28 05:00:00,4.287254223162146
2024-09-28 06:00:00,3.196192421417101
2024-09-28 07:00:00,3.712039393085897
2024-09-28 08:00:00,8.70466188730877
2024-09-28 09:00:00,10.258861296194977
2024-09-28 10:00:00,7.558164267896256
2024-09-28 11:00:00,12.301192312755855
2024-09-28 12:00:00,11.856563441112499
2024-09-28 13:00:00,13.75403977460198
2024-09-28 14:00:00,12.014034054180332
2024-09-28 15:00:00,10.135935533617314
2024-09-28 16:00:00,10.70167745095629
2024-09-28 17:00:00,10.274561257656858
2024-09-28 18:00:00,8.265335845509265
2024-09-28 19:00:00,6.530392424568598
2024-09-28 20:00:00,3.8674038964827075
2024-09-28 21:00:00,2.8156501316900537
2024-09-28 22:00:00,2.758656318466485
2024-09-28 23:00:00,3.2377074665321115
2024-09-29 00:00:00,4.986391967738655
2024-09-29 01:00:00,4.3197290356041345
2024-09-29 02:00:00,4.5513419906113315
2024-09-29 03:00:00,3.7407410739423304
2024-09-29 04:00:00,4.585100459604892
2024-09-29 05:00:00,3.8290169654165007
2024-09-29 06:00:00,4.090626645155924
2024-09-29 07:00:00,7.095824646595738
2024-09-29 08:00:00,7.445471502089424
2024-09-29 09:00:00,9.201202349642575
2024-09-29 10:00:00,10.355869430459549
2024-09-29 11:00:00,11.18527379322177
2024-09-29 12:00:00,11.096609809763502
2024-09-29 13:00:00,10.16179118204011
2024-09-29 14:00:00,11.023901413820257
2024-09-29 15:00:00,11.498658752003786
2024-09-29 16:00:00,9.421474223681772
2024-09-29 17:00:00,6.820586672444761
2024-09-29 18:00:00,6.22007637824526
2024-09-29 19:00:00,8.110398196582958
2024-09-29 20:00:00,6.641204767199623
2024-09-29 21:00:00,4.763247929115795
2024-09-29 22:00:00,3.2937927977580994
2024-09-29 23:00:00,3.5589675244308467
2024-09-30 00:00:00,6.656287460396834
2024-09-30 01:00:00,6.2232401370633905
2024-09-30 02:00:00,4.411499710035914
2024-09-30 03:00:00,4.545744771672186
2024-09-30 04:00:00,4.705782208231957
2024-09-30 05:00:00,4.91346411014284
2024-09-30 06:00:00,5.783367517515982
2024-09-30 07:00:00,6.894270685893018
2024-09-30 08:00:00,6.640388106417063
2024-09-30 09:00:00,8.097411247298261
2024-09-30 10:00:00,9.919382064661335
2024-09-30 11:00:00,9.365676950686169
2024-09-30 12:00:00,10.483270339245685
2024-09-30 13:00:00,10.765173674803851
2024-09-30 14:00:00,10.768784720528789
2024-09-30 15:00:00,10.532528182679679
2024-09-30 16:00:00,8.356093996590095
2024-09-30 17:00:00,7.026663005818477
2024-09-30 18:00:00,9.334421972421445
2024-09-30 19:00:00,6.843346993679326
2024-09-30 20:00:00,10.702572131400107
2024-09-30 21:00:00,11.92973908219764
2024-09-30 22:00:00,8.733439003740772
2024-09-30 23:00:00,7.4218807948813215
2024-10-01 00:00:00,7.624218080762752
2024-10-01 01:00:00,7.000768676450118
2024-10-01 02:00:00,7.6911803227329685
2024-10-01 03:00:00,6.745461702300651
2024-10-01 04:00:00,7.793734063722649
2024-10-01 05:00:00,8.408931831803427
2024-10-01 06:00:00,9.60695243585041
2024-10-01 07:00:00,14.241373711431311
2024-10-01 08:00:00,15.0928363130904
2024-10-01 09:00:00,15.65477447944928
2024-10-01 10:00:00,19.052307650920294
2024-10-01 11:00:00,16.52875304583272
2024-10-01 12:00:00,15.727024853680202
2024-10-01 13:00:00,14.92119030952058
2024-10-01 14:00:00,15.245693097490719
2024-10-01 15:00:00,14.765602524400354
2024-10-01 16:00:00,12.574901270068267
2024-10-01 17:00:00,12.352423135953726
2024-10-01 18:00:00,12.292631757376846
2024-10-01 19:00:00,14.618281290431959
2024-10-01 20:00:00,14.389913525238054
2024-10-01 21:00:00,14.049084553809159
2024-10-01 22:00:00,13.830019057755104
2024-10-01 23:00:00,15.488484278727219
2024-10-02 00:00:00,17.268342538628296
2024-10-02 01:00:00,7.284083391320552
2024-10-02 02:00:00,3.480584458978379
2024-10-02 03:00:00,5.547219502837973
2024-10-02 04:00:00,9.461710062979659
2024-10-02 05:00:00,9.02005293670572
2024-10-02 06:00:00,4.5379813064342125
2024-10-02 07:00:00,6.4996640999466955
2024-10-02 08:00:00,7.423193434737296
2024-10-02 09:00:00,9.489459767146862
2024-10-02 10:00:00,10.157283557789519
2024-10-02 11:00:00,11.746995220723736
2024-10-02 12:00:00,9.599179190163573
2024-10-02 13:00:00,11.535574128525171
2024-10-02 14:00:00,15.396916510940084
2024-10-02 15:00:00,16.75295490260505
2024-10-02 16:00:00,13.45989230950439
2024-10-02 17:00:00,13.530492845120287
2024-10-02 18:00:00,12.493583011083858
2024-10-02 19:00:00,10.956415402050705
2024-10-02 20:00:00,13.032281290509538
2024-10-02 21:00:00,11.369866611911192
2024-10-02 22:00:00,9.994029555836166
2024-10-02 23:00:00,7.122791170710929
2024-10-03 00:00:00,4.759322147300923
2024-10-03 01:00:00,3.3920950794795353
2024-10-03 02:00:00,0.9159378583759006
2024-10-03 03:00:00,0.7914029841088595
2024-10-03 04:00:00,1.128707868382763
2024-10-03 05:00:00,4.869268613923993
2024-10-03 06:00:00,7.6584248243030935
2024-10-03 07:00:00,6.512652646444415
2024-10-03 08:00:00,6.9741195987335045
2024-10-03 09:00:00,7.818463320052809
2024-10-03 10:00:00,8.28758873514293
2024-10-03 11:00:00,9.116867702954078
2024-10-03 12:00:00,8.319296591870335
2024-10-03 13:00:00,8.864219292185048
2024-10-03 14:00:00,9.131731836266614
2024-10-03 15:00:00,9.206474480338276
2024-10-03 16:00:00,10.525098754421823
2024-10-03 17:00:00,8.355234478568649
2024-10-03 18:00:00,7.164136714779922
2024-10-03 19:00:00,5.932671177334528
2024-10-03 20:00:00,2.7622851820586636
2024-10-03 21:00:00,2.751509674997502
2024-10-03 22:00:00,0.6219611466487645
2024-10-03 23:00:00,0.0
2024-10-04 00:00:00,1.3455513779204051
2024-10-04 01:00:00,3.9656173427356767
2024-10-04 02:00:00,4.1467573990568125
2024-10-04 03:00:00,2.308300921321294
2024-10-04 04:00:00,2.328681576693237
2024-10-04 05:00:00,1.439160703355991
2024-10-04 06:00:00,1.7126071287348577
2024-10-04 07:00:00,6.8575443309218205
2024-10-04 08:00:00,8.785097021446642
2024-10-04 09:00:00,9.045508670594927
2024-10-04 10:00:00,8.578069512333748
2024-10-04 11:00:00,9.026757928989944
2024-10-04 12:00:00,9.310790700119185
2024-10-04 13:00:00,8.025946412415273
2024-10-04 14:00:00,7.985726589752426
2024-10-04 15:00:00,8.672284561545663
2024-10-04 16:00:00,9.064476525725441
2024-10-04 17:00:00,9.07430761826028
2024-10-04 18:00:00,7.878473351262317
2024-10-04 19:00:00,5.0647240949853325
2024-10-04 20:00:00,3.0234658369602516
2024-10-04 21:00:00,3.363231770579236
2024-10-04 22:00:00,3.7430513853635765
2024-10-04 23:00:00,1.7102751747587364
2024-10-05 00:00:00,3.1450242815481033
2024-10-05 01:00:00,2.1494781921605672
2024-10-05 02:00:00,1.81804962915035
2024-10-05 03:00:00,2.3434812539878918
2024-10-05 04:00:00,0.7616828653990781
2024-10-05 05:00:00,0.7314125795664825
2024-10-05 06:00:00,1.8807347214871504
2024-10-05 07:00:00,7.471340753250201
2024-10-05 08:00:00,10.178831740100591
2024-10-05 09:00:00,8.874046534471816
2024-10-05 10:00:00,10.317882486211301
2024-10-05 11:00:00,9.760841661352655
2024-10-05 12:00:00,10.22196383896704
2024-10-05 13:00:00,10.958889442082379
2024-10-05 14:00:00,10.147634380705092
2024-10-05 15:00:00,9.066135224476787
2024-10-05 16:00:00,8.593501939893805
2024-10-05 17:00:00,9.453891247567318
2024-10-05 18:00:00,7.7700872281795
2024-10-05 19:00:00,5.324577389826617
2024-10-05 20:00:00,4.250792614875152
2024-10-05 21:00:00,6.675755241318964
2024-10-05 22:00:00,8.444472369615898
2024-10-05 23:00:00,9.398839113557012
2024-10-06 00:00:00,12.016982870773152
2024-10-06 01:00:00,9.275054815921463
2024-10-06 02:00:00,8.524710496166081
2024-10-06 03:00:00,8.541130561504593
2024-10-06 04:00:00,4.119450526993757
2024-10-06 05:00:00,2.956176973998964
2024-10-06 06:00:00,3.3097947509224555
2024-10-06 07:00:00,8.232207942531174
2024-10-06 08:00:00,13.655796809690512
2024-10-06 09:00:00,13.36558342344526
2024-10-06 10:00:00,13.283368453203359
2024-10-06 11:00:00,13.014452636111262
2024-10-06 12:00:00,12.553728408635761
2024-10-06 13:00:00,12.968958141054152
2024-10-06 14:00:00,10.969604091346548
2024-10-06 15:00:00,11.218844679513609
2024-10-06 16:00:00,10.222788862592754
2024-10-06 17:00:00,11.154841743656505
2024-10-06 18:00:00,9.539500554115484
2024-10-06 19:00:00,6.98382681257355
2024-10-06 20:00:00,6.678172068049607
2024-10-06 21:00:00,5.171910915117192
2024-10-06 22:00:00,5.619703849114542
2024-10-06 23:00:00,9.07703517386142
2024-10-07 00:00:00,10.947461823042563
2024-10-07 01:00:00,9.272602252954817
2024-10-07 02:00:00,9.591421019938759
2024-10-07 03:00:00,7.5171144326092225
2024-10-07 04:00:00,4.4727349616488015
2024-10-07 05:00:00,4.3874601552142405
2024-10-07 06:00:00,3.8719829319884953
2024-10-07 07:00:00,4.426089237691795
2024-10-07 08:00:00,5.99163568435337
2024-10-07 09:00:00,11.08601798098023
2024-10-07 10:00:00,9.036781371796051
2024-10-07 11:00:00,10.190776730667782
2024-10-07 12:00:00,9.884549348586498
2024-10-07 13:00:00,9.630391077137716
2024-10-07 14:00:00,9.619978801906198
2024-10-07 15:00:00,7.843590326441827
2024-10-07 16:00:00,8.747124597545362
2024-10-07 17:00:00,9.720967370614787
2024-10-07 18:00:00,9.25233219725906
2024-10-07 19:00:00,7.459292107239094
2024-10-07 20:00:00,3.8689677087467227
2024-10-07 21:00:00,3.129072063794192
2024-10-07 22:00:00,3.256769865947969
2024-10-07 23:00:00,2.9796778742659105
2024-10-08 00:00:00,5.120984577605499
2024-10-08 01:00:00,3.7486059331528305
2024-10-08 02:00:00,3.407590675882451
2024-10-08 03:00:00,3.3103760493971324
2024-10-08 04:00:00,3.895360546296653
2024-10-08 05:00:00,4.218383193552721
2024-10-08 06:00:00,3.4506123316653152
2024-10-08 07:00:00,5.261592682944325
2024-10-08 08:00:00,11.218003438698334
2024-10-08 09:00:00,12.981138384260305
2024-10-08 10:00:00,14.53150940194956
2024-10-08 11:00:00,12.849618042712432
2024-10-08 12:00:00,12.55718175292822
2024-10-08 13:00:00,12.550203295574208
2024-10-08 14:00:00,10.67468385978698
2024-10-08 15:00:00,10.960754835751262
2024-10-08 16:00:00,9.050790521614292
2024-10-08 17:00:00,9.81307693932676
2024-10-08 18:00:00,8.172477734236903
2024-10-08 19:00:00,6.4264070964464235
2024-10-08 20:00:00,4.130333509181502
2024-10-08 21:00:00,3.9179745711738194
2024-10-08 22:00:00,3.3047999807988906
2024-10-08 23:00:00,3.396740233342768
2024-10-09 00:00:00,6.486800370476061
2024-10-09 01:00:00,5.620528247595758
2024-10-09 02:00:00,8.233355979584399
2024-10-09 03:00:00,5.930734051548621
2024-10-09 04:00:00,5.665316255707752
2024-10-09 05:00:00,5.218455753049093
2024-10-09 06:00:00,3.8237116668299564
2024-10-09 07:00:00,5.457202096930263
2024-10-09 08:00:00,11.352092235598127
2024-10-09 09:00:00,12.954790798990468
2024-10-09 10:00:00,13.004662890966186
2024-10-09 11:00:00,12.636035153105013
2024-10-09 12:00:00,10.88293813938679
2024-10-09 13:00:00,10.354045839471203
2024-10-09 14:00:00,10.355125287071669
2024-10-09 15:00:00,11.4824668441695
2024-10-09 16:00:00,9.560425734649977
2024-10-09 17:00:00,7.5457384891856165
2024-10-09 18:00:00,8.726460203069418
2024-10-09 19:00:00,8.315674615217489
2024-10-09 20:00:00,7.760891021964369
2024-10-09 21:00:00,7.336099293500428
2024-10-09 22:00:00,4.6527158064378
2024-10-09 23:00:00,4.23908273739603
2024-10-10 00:00:00,5.539417317673764
2024-10-10 01:00:00,5.715204498804343
2024-10-10 02:00:00,4.4627657324543
2024-10-10 03:00:00,4.910272309837293
2024-10-10 04:00:00,4.611371342883444
2024-10-10 05:00:00,4.020663077348648
2024-10-10 06:00:00,4.233249786406893
2024-10-10 07:00:00,5.036932284366418
2024-10-10 08:00:00,8.978502740521517
2024-10-10 09:00:00,11.385930205850919
2024-10-10 10:00:00,12.046862570662153
2024-10-10 11:00:00,12.433864178645589
2024-10-10 12:00:00,11.071615067356653
2024-10-10 13:00:00,11.206633821441635
2024-10-10 14:00:00,10.453626911428533
2024-10-10 15:00:00,12.002228440837504
2024-10-10 16:00:00,10.188009501121266
2024-10-10 17:00:00,9.895185971704954
2024-10-10 18:00:00,7.812700714111726
2024-10-10 19:00:00,5.281952522075766
2024-10-10 20:00:00,5.147906355978684
2024-10-10 21:00:00,3.3697606926763477
2024-10-10 22:00:00,3.357924728918751
2024-10-10 23:00:00,3.1340182570179187
2024-10-11 00:00:00,5.286789525412711
2024-10-11 01:00:00,5.631611862187823
2024-10-11 02:00:00,3.991156020442747
2024-10-11 03:00:00,3.5031884327796936
2024-10-11 04:00:00,3.3562211142328815
2024-10-11 05:00:00,3.282279061742095
2024-10-11 06:00:00,5.095183883987033
2024-10-11 07:00:00,5.604829456656256
2024-10-11 08:00:00,9.577215457889913
2024-10-11 09:00:00,12.009086589759441
2024-10-11 10:00:00,11.575546854203857
2024-10-11 11:00:00,13.028699237791388
2024-10-11 12:00:00,12.32617834452089
2024-10-11 13:00:00,11.375697622112721
2024-10-11 14:00:00,11.91788596673823
2024-10-11 15:00:00,13.010179690402735
2024-10-11 16:00:00,12.297431511751887
2024-10-11 17:00:00,10.883924345395181
2024-10-11 18:00:00,9.81435395148994
2024-10-11 19:00:00,7.305572089339229
2024-10-11 20:00:00,6.23925429470861
2024-10-11 21:00:00,3.8092404536921647
2024-10-11 22:00:00,3.3808307694274142
2024-10-11 23:00:00,3.9007610602398
2024-10-12 00:00:00,5.944815776718283
2024-10-12 01:00:00,5.517773240016741
2024-10-12 02:00:00,4.6564908255357205
2024-10-12 03:00:00,4.628171452451235
2024-10-12 04:00:00,3.8697502044449403
2024-10-12 05:00:00,4.02036028955637
2024-10-12 06:00:00,6.468138008682546
2024-10-12 07:00:00,11.356185598257214
2024-10-12 08:00:00,12.622907341977706
2024-10-12 09:00:00,13.155312588869277
2024-10-12 10:00:00,13.04380724571833
2024-10-12 11:00:00,14.508940785290905
2024-10-12 12:00:00,13.15157426336915
2024-10-12 13:00:00,12.671392375258053
2024-10-12 14:00:00,12.146666259581307
2024-10-12 15:00:00,11.82328885204241
2024-10-12 16:00:00,14.045262578864808
2024-10-12 17:00:00,11.12775446180244
2024-10-12 18:00:00,11.113454351675546
2024-10-12 19:00:00,10.660283842684889
2024-10-12 20:00:00,10.580037744453154
2024-10-12 21:00:00,7.868079703281559
2024-10-12 22:00:00,4.435607607785565
2024-10-12 23:00:00,2.496374433562596
2024-10-13 00:00:00,4.225843674804101
2024-10-13 01:00:00,6.430643312370206
2024-10-13 02:00:00,11.014277025735614
2024-10-13 03:00:00,7.055761216806153
2024-10-13 04:00:00,5.712172475324925
2024-10-13 05:00:00,5.2619807756022166
2024-10-13 06:00:00,8.133290156648103
2024-10-13 07:00:00,13.554420091914812
2024-10-13 08:00:00,12.94941185608455
2024-10-13 09:00:00,13.560925891442187
2024-10-13 10:00:00,13.445900711236899
2024-10-13 11:00:00,14.196214931136893
2024-10-13 12:00:00,13.363065466659348
2024-10-13 13:00:00,10.541628071703087
2024-10-13 14:00:00,9.336040963905397
2024-10-13 15:00:00,10.015776430608208
2024-10-13 16:00:00,9.995185363084031
2024-10-13 17:00:00,11.876641378205381
2024-10-13 18:00:00,10.4108982338428
2024-10-13 19:00:00,7.81824619713862
2024-10-13 20:00:00,6.11943295786781
2024-10-13 21:00:00,5.325869220232012
2024-10-13 22:00:00,5.758010103274728
2024-10-13 23:00:00,3.0957117176759734
2024-10-14 00:00:00,5.702648856840198
2024-10-14 01:00:00,5.023711030026294
2024-10-14 02:00:00,5.7780213238887015
2024-10-14 03:00:00,4.846685503749697
2024-10-14 04:00:00,3.8393531617955996
2024-10-14 05:00:00,3.221176809593344
2024-10-14 06:00:00,3.4898396481551743
2024-10-14 07:00:00,7.984540362020335
2024-10-14 08:00:00,12.826816360507395
2024-10-14 09:00:00,12.617635797669735
2024-10-14 10:00:00,12.158312712184204
2024-10-14 11:00:00,12.577526266545506
2024-10-14 12:00:00,12.297836899540885
2024-10-14 13:00:00,12.385070575087806
2024-10-14 14:00:00,11.784692406812452
2024-10-14 15:00:00,10.839648628535324
2024-10-14 16:00:00,10.630803642869715
2024-10-14 17:00:00,9.77472481376833
2024-10-14 18:00:00,9.73048374736251
2024-10-14 19:00:00,6.435811024242031
2024-10-14 20:00:00,3.9527017158376596
2024-10-14 21:00:00,3.9764669915529467
2024-10-14 22:00:00,3.8847530515322015
2024-10-14 23:00:00,4.906544275507308
2024-10-15 00:00:00,5.817125378088983
2024-10-15 01:00:00,4.303154776430391
2024-10-15 02:00:00,4.489865785598942
2024-10-15 03:00:00,3.809171350404977
2024-10-15 04:00:00,4.322341685306692
2024-10-15 05:00:00,3.128950377234477
2024-10-15 06:00:00,3.0726441267203484
2024-10-15 07:00:00,7.365491451812515
2024-10-15 08:00:00,10.710759953712788
2024-10-15 09:00:00,11.608349634592201
2024-10-15 10:00:00,10.849083070727445
2024-10-15 11:00:00,10.296355102159012
2024-10-15 12:00:00,11.52909288789464
2024-10-15 13:00:00,11.063145943234918
2024-10-15 14:00:00,12.798152684626706
2024-10-15 15:00:00,10.2500189103633
2024-10-15 16:00:00,10.288195034815185
2024-10-15 17:00:00,9.385839892600801
2024-10-15 18:00:00,10.107676359655095
2024-10-15 19:00:00,9.28610345246587
2024-10-15 20:00:00,4.301765679724175
2024-10-15 21:00:00,4.0650244682478975
2024-10-15 22:00:00,3.549148032082502
2024-10-15 23:00:00,3.6128575670428953
2024-10-16 00:00:00,6.185596097561751
2024-10-16 01:00:00,4.3296202122789085
2024-10-16 02:00:00,4.619487348672577
2024-10-16 03:00:00,4.233824006504741
2024-10-16 04:00:00,4.266302306464879
2024-10-16 05:00:00,4.7918925627398545
2024-10-16 06:00:00,4.250571609518059
2024-10-16 07:00:00,5.791717867276868
2024-10-16 08:00:00,10.631250255907194
2024-10-16 09:00:00,12.322246822360164
2024-10-16 10:00:00,12.749687419036489
2024-10-16 11:00:00,11.325881284754926
2024-10-16 12:00:00,11.940400443557275
2024-10-16 13:00:00,11.766174044516433
2024-10-16 14:00:00,10.82427441294412
2024-10-16 15:00:00,12.414826327173868
2024-10-16 16:00:00,10.476875711572768
2024-10-16 17:00:00,10.86284156068202
2024-10-16 18:00:00,10.18492911125825
2024-10-16 19:00:00,9.018847084859416
2024-10-16 20:00:00,5.5555870874722295
2024-10-16 21:00:00,4.491047008464876
2024-10-16 22:00:00,3.540116901461465
2024-10-16 23:00:00,3.079474414128605
2024-10-17 00:00:00,6.230078197245395
2024-10-17 01:00:00,5.543917328766299
2024-10-17 02:00:00,4.771801131433371
2024-10-17 03:00:00,3.6899598090129304
2024-10-17 04:00:00,4.298261822678009
2024-10-17 05:00:00,4.234247590536932
2024-10-17 06:00:00,3.3515739878081465
2024-10-17 07:00:00,7.62233557213875
2024-10-17 08:00:00,13.12885222496722
2024-10-17 09:00:00,14.875249467756952
2024-10-17 10:00:00,15.439689100041493
2024-10-17 11:00:00,13.293368293515604
2024-10-17 12:00:00,13.199063152926357
2024-10-17 13:00:00,12.88086510466927
2024-10-17 14:00:00,11.899416645890739
2024-10-17 15:00:00,13.610368740874447
2024-10-17 16:00:00,11.564390454924347
2024-10-17 17:00:00,11.906347418897804
2024-10-17 18:00:00,10.457422392222886
2024-10-17 19:00:00,8.476309646911298
2024-10-17 20:00:00,5.635177663519393
2024-10-17 21:00:00,5.318267901046717
2024-10-17 22:00:00,5.067286947765564
2024-10-17 23:00:00,4.545112602748273
2024-10-18 00:00:00,6.607410806757254
2024-10-18 01:00:00,6.026394776426011
2024-10-18 02:00:00,5.544775550866604
2024-10-18 03:00:00,5.242199762295074
2024-10-18 04:00:00,5.209893167691149
2024-10-18 05:00:00,5.555631359398761
2024-10-18 06:00:00,4.900918948774777
2024-10-18 07:00:00,6.981445192656011
2024-10-18 08:00:00,12.208208027532987
2024-10-18 09:00:00,12.794993093225408
2024-10-18 10:00:00,14.545933173470146
2024-10-18 11:00:00,11.45665706527907
2024-10-18 12:00:00,11.887358106348136
2024-10-18 13:00:00,11.496212190057014
2024-10-18 14:00:00,11.621666594221987
2024-10-18 15:00:00,10.943875048260418
2024-10-18 16:00:00,10.217669603313134
2024-10-18 17:00:00,8.438053668268559
2024-10-18 18:00:00,7.747211726022394
2024-10-18 19:00:00,7.0564704482302805
2024-10-18 20:00:00,5.080241825105424
2024-10-18 21:00:00,4.981456153500678
2024-10-18 22:00:00,5.653055871437813
2024-10-18 23:00:00,5.580738741367906
2024-10-19 00:00:00,10.584093572723063
2024-10-19 01:00:00,8.275956789985356
2024-10-19 02:00:00,10.232858287397441
2024-10-19 03:00:00,12.273466852036236
2024-10-19 04:00:00,15.149420350638316
2024-10-19 05:00:00,15.53940812226521
2024-10-19 06:00:00,12.158166633122013
2024-10-19 07:00:00,14.158197988315054
2024-10-19 08:00:00,16.250454654422565
2024-10-19 09:00:00,17.381270028500953
2024-10-19 10:00:00,13.894874890634293
2024-10-19 11:00:00,10.73817602997931
2024-10-19 12:00:00,10.428022112718395
2024-10-19 13:00:00,12.002641139398712
2024-10-19 14:00:00,13.57001873787949
2024-10-19 15:00:00,10.820310374798932
2024-10-19 16:00:00,11.798022965954981
2024-10-19 17:00:00,12.718370080844291
2024-10-19 18:00:00,11.965106349855722
2024-10-19 19:00:00,9.992782346353454
2024-10-19 20:00:00,8.814364278413525
2024-10-19 21:00:00,13.141611176122206
2024-10-19 22:00:00,11.105683783263636
2024-10-19 23:00:00,9.472387345521348
2024-10-20 00:00:00,13.300697662495745
2024-10-20 01:00:00,11.473781467055309
2024-10-20 02:00:00,10.59441636877794
2024-10-20 03:00:00,8.52510885115076
2024-10-20 04:00:00,10.190058795672813
2024-10-20 05:00:00,8.958965534586213
2024-10-20 06:00:00,8.97742523954338
2024-10-20 07:00:00,11.72987549062492
2024-10-20 08:00:00,13.777319875566583
2024-10-20 09:00:00,14.693897462442136
2024-10-20 10:00:00,13.792847607126529
2024-10-20 11:00:00,13.303698234575174
2024-10-20 12:00:00,12.459431514326313
2024-10-20 13:00:00,13.190330591921365
2024-10-20 14:00:00,14.982502702709562
2024-10-20 15:00:00,12.929319664666101
2024-10-20 16:00:00,13.317582437368847
2024-10-20 17:00:00,12.208200847972684
2024-10-20 18:00:00,11.266074316197228
2024-10-20 19:00:00,10.844654918143764
2024-10-20 20:00:00,8.17768747971657
2024-10-20 21:00:00,6.581379118374249
2024-10-20 22:00:00,5.4268292405385905
2024-10-20 23:00:00,3.848715179467749
2024-10-21 00:00:00,6.364792904880738
2024-10-21 01:00:00,4.542656662317603
2024-10-21 02:00:00,3.9763396323573685
2024-10-21 03:00:00,3.530543903324746
2024-10-21 04:00:00,3.322898035355002
2024-10-21 05:00:00,3.8195661963225747
2024-10-21 06:00:00,2.463846080175227
2024-10-21 07:00:00,7.220318835321659
2024-10-21 08:00:00,10.693672953745681
2024-10-21 09:00:00,12.375592671045862
2024-10-21 10:00:00,13.944284914508023
2024-10-21 11:00:00,12.187724462614296
2024-10-21 12:00:00,12.460694414293364
2024-10-21 13:00:00,12.487788479660853
2024-10-21 14:00:00,13.50302269240057
2024-10-21 15:00:00,12.947910182930112
2024-10-21 16:00:00,12.292165123079915
2024-10-21 17:00:00,12.293152989774915
2024-10-21 18:00:00,12.442657779508464
2024-10-21 19:00:00,9.830094687161585
2024-10-21 20:00:00,8.733296564426116
2024-10-21 21:00:00,5.444828081384236
2024-10-21 22:00:00,3.411180137141652
2024-10-21 23:00:00,3.301300010039083
2024-10-22 00:00:00,5.357867997533058
2024-10-22 01:00:00,7.765321683285375
2024-10-22 02:00:00,4.2620985546894286
2024-10-22 03:00:00,3.9422777470657704
2024-10-22 04:00:00,3.328827202811586
2024-10-22 05:00:00,4.062032800635821
2024-10-22 06:00:00,5.173932267903065
2024-10-22 07:00:00,7.1510113319658615
2024-10-22 08:00:00,11.859830057644771
2024-10-22 09:00:00,13.227369552991446
2024-10-22 10:00:00,13.603702516920407
2024-10-22 11:00:00,14.368978155537665
2024-10-22 12:00:00,13.534852974888294
2024-10-22 13:00:00,12.950626778398025
2024-10-22 14:00:00,12.970624084988785
2024-10-22 15:00:00,14.137441126847534
2024-10-22 16:00:00,12.43571919443928
2024-10-22 17:00:00,12.626649477693444
2024-10-22 18:00:00,11.906572195800518
2024-10-22 19:00:00,9.286830314564146
2024-10-22 20:00:00,9.670943592643571
2024-10-22 21:00:00,6.727418916387984
2024-10-22 22:00:00,5.355045910486375
2024-10-22 23:00:00,3.7408494791454734
2024-10-23 00:00:00,6.041647709712633
2024-10-23 01:00:00,5.876480575172204
2024-10-23 02:00:00,5.35617783167285
2024-10-23 03:00:00,6.6943209698378
2024-10-23 04:00:00,7.440941744803642
2024-10-23 05:00:00,4.8731504828566905
2024-10-23 06:00:00,4.801653237054337
2024-10-23 07:00:00,7.440020087806818
2024-10-23 08:00:00,13.001458789075071
2024-10-23 09:00:00,12.634495790304664
2024-10-23 10:00:00,13.535470482910583
2024-10-23 11:00:00,13.945255765616334
2024-10-23 12:00:00,12.604767968195917
2024-10-23 13:00:00,11.443582241832875
2024-10-23 14:00:00,11.131922345019051
2024-10-23 15:00:00,10.594995921752616
2024-10-23 16:00:00,11.207568299021162
2024-10-23 17:00:00,8.973805766507216
2024-10-23 18:00:00,7.746952483273931
2024-10-23 19:00:00,6.162640251260701
2024-10-23 20:00:00,5.445673768906706
2024-10-23 21:00:00,5.713045722123677
2024-10-23 22:00:00,4.650245890929799
2024-10-23 23:00:00,4.45391303617674
2024-10-24 00:00:00,5.670113348810718
2024-10-24 01:00:00,5.800834861665127
2024-10-24 02:00:00,5.9536180419125415
2024-10-24 03:00:00,5.441085629955025
2024-10-24 04:00:00,9.975387808504864
2024-10-24 05:00:00,9.615201005736138
2024-10-24 06:00:00,8.227016441470438
2024-10-24 07:00:00,8.605295812895072
2024-10-24 08:00:00,8.660062658703158
2024-10-24 09:00:00,12.368216005869662
2024-10-24 10:00:00,12.753793144468183
2024-10-24 11:00:00,13.313458494411119
2024-10-24 12:00:00,16.150186207753265
2024-10-24 13:00:00,14.99018536106518
2024-10-24 14:00:00,13.009720062003531
2024-10-24 15:00:00,13.227168954386295
2024-10-24 16:00:00,12.163412362886739
2024-10-24 17:00:00,8.53478984092603
2024-10-24 18:00:00,7.921470287133268
2024-10-24 19:00:00,8.062461643947035
2024-10-24 20:00:00,8.297584583191272
2024-10-24 21:00:00,9.31404971212737
2024-10-24 22:00:00,6.696561702549172
2024-10-24 23:00:00,5.415873048242406
2024-10-25 00:00:00,9.277742943909743
2024-10-25 01:00:00,9.733680561185672
2024-10-25 02:00:00,8.210670333142307
2024-10-25 03:00:00,8.481749609896625
2024-10-25 04:00:00,10.673049693489103
2024-10-25 05:00:00,10.201908396323756
2024-10-25 06:00:00,11.453863141664682
2024-10-25 07:00:00,16.082161592670637
2024-10-25 08:00:00,15.187652282651392
2024-10-25 09:00:00,14.214272110764485
2024-10-25 10:00:00,12.700891477162928
2024-10-25 11:00:00,12.945987850274898
2024-10-25 12:00:00,13.958821762808906
2024-10-25 13:00:00,12.362972974882233
2024-10-25 14:00:00,11.870786604862126
2024-10-25 15:00:00,12.315212918093815
2024-10-25 16:00:00,12.796768591160838
2024-10-25 17:00:00,13.296824191038018
2024-10-25 18:00:00,11.874696285721885
2024-10-25 19:00:00,9.758508935905962
2024-10-25 20:00:00,8.530964195511038
2024-10-25 21:00:00,8.558827094640353
2024-10-25 22:00:00,9.278453139594065
2024-10-25 23:00:00,6.755986797213737
2024-10-26 00:00:00,6.4593913830845455
2024-10-26 01:00:00,6.00608863206916
2024-10-26 02:00:00,7.060144919923748
2024-10-26 03:00:00,7.789608966332684
2024-10-26 04:00:00,4.80422295774728
2024-10-26 05:00:00,5.18415224156364
2024-10-26 06:00:00,7.4790526610931165
2024-10-26 07:00:00,11.085327772134002
2024-10-26 08:00:00,13.508849378094956
2024-10-26 09:00:00,11.51711325766502
2024-10-26 10:00:00,11.370951633163127
2024-10-26 11:00:00,11.879188344001124
2024-10-26 12:00:00,12.703013847350501
2024-10-26 13:00:00,13.034140018782292
2024-10-26 14:00:00,9.783041895186091
2024-10-26 15:00:00,9.723833974604382
2024-10-26 16:00:00,10.034705914389653
2024-10-26 17:00:00,11.365251235708046
2024-10-26 18:00:00,13.125483984932773
2024-10-26 19:00:00,11.007474603465113
2024-10-26 20:00:00,8.757326629724027
2024-10-26 21:00:00,8.256297920707725
2024-10-26 22:00:00,9.234229713781254
2024-10-26 23:00:00,11.141026577994888
2024-10-27 00:00:00,10.332353971311772
2024-10-27 01:00:00,9.835512487394979
2024-10-27 02:00:00,10.287024092054011
2024-10-27 03:00:00,9.820133134917874
2024-10-27 04:00:00,10.672429789168202
2024-10-27 05:00:00,8.570717045989332
2024-10-27 06:00:00,6.533228897597238
2024-10-27 07:00:00,8.891694167653865
2024-10-27 08:00:00,12.757878742019741
2024-10-27 09:00:00,11.577058224295197
2024-10-27 10:00:00,9.992841932539394
2024-10-27 11:00:00,11.516216817051612
2024-10-27 12:00:00,12.181872971700104
2024-10-27 13:00:00,13.66509941249703
2024-10-27 14:00:00,14.533332681468128
2024-10-27 15:00:00,13.557365334038309
2024-10-27 16:00:00,12.753991568623821
2024-10-27 17:00:00,12.031044863793927
2024-10-27 18:00:00,10.280678942338492
2024-10-27 19:00:00,11.078851009654679
2024-10-27 20:00:00,6.679421808027756
2024-10-27 21:00:00,5.5169911251503425
2024-10-27 22:00:00,4.132894157289025
2024-10-27 23:00:00,3.7781255977939305
2024-10-28 00:00:00,6.179845077069162
2024-10-28 01:00:00,4.203054063070837
2024-10-28 02:00:00,3.9210474709527645
2024-10-28 03:00:00,3.7178160430214793
2024-10-28 04:00:00,4.089946779686741
2024-10-28 05:00:00,4.095232526013082
2024-10-28 06:00:00,3.2816682049266643
2024-10-28 07:00:00,5.335551102181196
2024-10-28 08:00:00,8.581053117241089
2024-10-28 09:00:00,12.99034613157556
2024-10-28 10:00:00,14.116717575356295
2024-10-28 11:00:00,10.728940954084958
2024-10-28 12:00:00,11.03536799751544
2024-10-28 13:00:00,12.087811259870747
2024-10-28 14:00:00,11.613499159433053
2024-10-28 15:00:00,10.496530086013308
2024-10-28 16:00:00,10.923336196841008
2024-10-28 17:00:00,10.070338122164452
2024-10-28 18:00:00,6.750906010815103
2024-10-28 19:00:00,6.027416097748796
2024-10-28 20:00:00,6.896310804543157
2024-10-28 21:00:00,5.436467809376608
2024-10-28 22:00:00,6.165050991139694
2024-10-28 23:00:00,6.555572305427901
2024-10-29 00:00:00,7.437255153439468
2024-10-29 01:00:00,5.189312014588802
2024-10-29 02:00:00,4.823839884245744
2024-10-29 03:00:00,4.620072164222234
2024-10-29 04:00:00,8.209423181171681
2024-10-29 05:00:00,10.828959213620436
2024-10-29 06:00:00,8.356875516897166
2024-10-29 07:00:00,7.276602768562665
2024-10-29 08:00:00,8.009021558152504
2024-10-29 09:00:00,11.368447937540028
2024-10-29 10:00:00,12.097235718146262
2024-10-29 11:00:00,11.678184043621346
2024-10-29 12:00:00,12.264248705879725
2024-10-29 13:00:00,11.575075121167814
2024-10-29 14:00:00,11.438758081429313
2024-10-29 15:00:00,10.70513949290955
2024-10-29 16:00:00,10.650428496340494
2024-10-29 17:00:00,8.41023873060808
2024-10-29 18:00:00,5.6151412186186
2024-10-29 19:00:00,10.998508730687787
2024-10-29 20:00:00,5.040935099536333
2024-10-29 21:00:00,1.3289796778206413
2024-10-29 22:00:00,3.080978915061462
2024-10-29 23:00:00,3.22206790380521
